English,Chinese,Audio_UK,Audio_US,Example_EN,Example_ZH,Level,Topic,Source
bridge,,,,,,核心（core）,places,Cambridge combined alphabetic vocabulary list (2025 PDF)
brown,,,,,,扩展（extended）,general,Cambridge combined alphabetic vocabulary list (2025 PDF)
burger,,,,,,核心（core）,food,Cambridge combined alphabetic vocabulary list (2025 PDF)
bus,,,,,,扩展（extended）,general,Cambridge combined alphabetic vocabulary list (2025 PDF)
bus station,,,,,,核心（core）,places,Cambridge combined alphabetic vocabulary list (2025 PDF)
bus stop,,,,,,核心（core）,places,Cambridge combined alphabetic vocabulary list (2025 PDF)
but,,,,,,扩展（extended）,general,Cambridge combined alphabetic vocabulary list (2025 PDF)
butterfly,,,,,,核心（core）,animals,Cambridge combined alphabetic vocabulary list (2025 PDF)
buy,,,,,,核心（core）,actions,Cambridge combined alphabetic vocabulary list (2025 PDF)
by,,,,,,扩展（extended）,general,Cambridge combined alphabetic vocabulary list (2025 PDF)
bye,,,,,,扩展（extended）,general,Cambridge combined alphabetic vocabulary list (2025 PDF)
café,,,,,,核心（core）,places,Cambridge combined alphabetic vocabulary list (2025 PDF)
cake,,,,,,核心（core）,food,Cambridge combined alphabetic vocabulary list (2025 PDF)
calendar,,,,,,易错（tricky）,general,Cambridge combined alphabetic vocabulary list (2025 PDF)
camel,,,,,,核心（core）,animals,Cambridge combined alphabetic vocabulary list (2025 PDF)
can,,,,,,扩展（extended）,general,Cambridge combined alphabetic vocabulary list (2025 PDF)
candy (UK sweet(s)),,,,,,核心（core）,food,Cambridge combined alphabetic vocabulary list (2025 PDF)
car,,,,,,扩展（extended）,general,Cambridge combined alphabetic vocabulary list (2025 PDF)
car park,,,,,,核心（core）,places,Cambridge combined alphabetic vocabulary list (2025 PDF)
carrot,,,,,,核心（core）,food,Cambridge combined alphabetic vocabulary list (2025 PDF)
carry,,,,,,核心（core）,actions,Cambridge combined alphabetic vocabulary list (2025 PDF)
castle,,,,,,核心（core）,places,Cambridge combined alphabetic vocabulary list (2025 PDF)
cat,,,,,,核心（core）,animals,Cambridge combined alphabetic vocabulary list (2025 PDF)
cereal,,,,,,核心（core）,food,Cambridge combined alphabetic vocabulary list (2025 PDF)
chair,,,,,,扩展（extended）,general,Cambridge combined alphabetic vocabulary list (2025 PDF)
cheese,,,,,,核心（core）,food,Cambridge combined alphabetic vocabulary list (2025 PDF)
chemist('s),,,,,,易错（tricky）,places,Cambridge combined alphabetic vocabulary list (2025 PDF)
chicken,,,,,,核心（core）,food,Cambridge combined alphabetic vocabulary list (2025 PDF)
chips (US fries),,,,,,核心（core）,food,Cambridge combined alphabetic vocabulary list (2025 PDF)
chocolate,,,,,,核心（core）,food,Cambridge combined alphabetic vocabulary list (2025 PDF)
cinema,,,,,,核心（core）,places,Cambridge combined alphabetic vocabulary list (2025 PDF)
city,,,,,,核心（core）,places,Cambridge combined alphabetic vocabulary list (2025 PDF)
class,,,,,,核心（core）,school,Cambridge combined alphabetic vocabulary list (2025 PDF)
classmate,,,,,,扩展（extended）,general,Cambridge combined alphabetic vocabulary list (2025 PDF)
classroom,,,,,,核心（core）,school,Cambridge combined alphabetic vocabulary list (2025 PDF)
clean,,,,,,核心（core）,actions,Cambridge combined alphabetic vocabulary list (2025 PDF)
close,,,,,,核心（core）,actions,Cambridge combined alphabetic vocabulary list (2025 PDF)
clothes,,,,,,扩展（extended）,general,Cambridge combined alphabetic vocabulary list (2025 PDF)
cloud,,,,,,扩展（extended）,general,Cambridge combined alphabetic vocabulary list (2025 PDF)
coconut,,,,,,核心（core）,food,Cambridge combined alphabetic vocabulary list (2025 PDF)
cold,,,,,,扩展（extended）,general,Cambridge combined alphabetic vocabulary list (2025 PDF)
colour (US color),,,,,,易错（tricky）,general,Cambridge combined alphabetic vocabulary list (2025 PDF)
come,,,,,,核心（core）,actions,Cambridge combined alphabetic vocabulary list (2025 PDF)
competition,,,,,,易错（tricky）,general,Cambridge combined alphabetic vocabulary list (2025 PDF)
computer,,,,,,核心（core）,school,Cambridge combined alphabetic vocabulary list (2025 PDF)
conversation,,,,,,易错（tricky）,general,Cambridge combined alphabetic vocabulary list (2025 PDF)
cook,,,,,,核心（core）,actions,Cambridge combined alphabetic vocabulary list (2025 PDF)
cookie (UK biscuit),,,,,,核心（core）,food,Cambridge combined alphabetic vocabulary list (2025 PDF)
count,,,,,,核心（core）,actions,Cambridge combined alphabetic vocabulary list (2025 PDF)
country,,,,,,核心（core）,places,Cambridge combined alphabetic vocabulary list (2025 PDF)
countryside,,,,,,易错（tricky）,general,Cambridge combined alphabetic vocabulary list (2025 PDF)
cow,,,,,,核心（core）,animals,Cambridge combined alphabetic vocabulary list (2025 PDF)
crocodile,,,,,,核心（core）,animals,Cambridge combined alphabetic vocabulary list (2025 PDF)
cross,,,,,,扩展（extended）,general,Cambridge combined alphabetic vocabulary list (2025 PDF)
cry,,,,,,扩展（extended）,general,Cambridge combined alphabetic vocabulary list (2025 PDF)
cup,,,,,,扩展（extended）,general,Cambridge combined alphabetic vocabulary list (2025 PDF)
cut,,,,,,扩展（extended）,general,Cambridge combined alphabetic vocabulary list (2025 PDF)
dad,,,,,,扩展（extended）,general,Cambridge combined alphabetic vocabulary list (2025 PDF)
David,,,,,,必写（must_write）,general,Cambridge combined alphabetic vocabulary list (2025 PDF)
day,,,,,,扩展（extended）,general,Cambridge combined alphabetic vocabulary list (2025 PDF)
December,,,,,,核心（core）,time,Cambridge combined alphabetic vocabulary list (2025 PDF)
delicious,,,,,,易错（tricky）,general,Cambridge combined alphabetic vocabulary list (2025 PDF)
dictionary,,,,,,核心（core）,school,Cambridge combined alphabetic vocabulary list (2025 PDF)
do,,,,,,扩展（extended）,general,Cambridge combined alphabetic vocabulary list (2025 PDF)
dog,,,,,,核心（core）,animals,Cambridge combined alphabetic vocabulary list (2025 PDF)
dolphin,,,,,,核心（core）,animals,Cambridge combined alphabetic vocabulary list (2025 PDF)
donkey,,,,,,核心（core）,animals,Cambridge combined alphabetic vocabulary list (2025 PDF)
draw,,,,,,核心（core）,actions,Cambridge combined alphabetic vocabulary list (2025 PDF)
dress,,,,,,扩展（extended）,general,Cambridge combined alphabetic vocabulary list (2025 PDF)
drink,,,,,,核心（core）,actions,Cambridge combined alphabetic vocabulary list (2025 PDF)
drive,,,,,,核心（core）,actions,Cambridge combined alphabetic vocabulary list (2025 PDF)
dry,,,,,,扩展（extended）,general,Cambridge combined alphabetic vocabulary list (2025 PDF)
duck,,,,,,核心（core）,animals,Cambridge combined alphabetic vocabulary list (2025 PDF)
eagle,,,,,,核心（core）,animals,Cambridge combined alphabetic vocabulary list (2025 PDF)
ear,,,,,,扩展（extended）,general,Cambridge combined alphabetic vocabulary list (2025 PDF)
easy,,,,,,扩展（extended）,general,Cambridge combined alphabetic vocabulary list (2025 PDF)
eat,,,,,,核心（core）,actions,Cambridge combined alphabetic vocabulary list (2025 PDF)
egg,,,,,,扩展（extended）,general,Cambridge combined alphabetic vocabulary list (2025 PDF)
elephant,,,,,,核心（core）,animals,Cambridge combined alphabetic vocabulary list (2025 PDF)
Emma,,,,,,必写（must_write）,general,Cambridge combined alphabetic vocabulary list (2025 PDF)
end,,,,,,扩展（extended）,general,Cambridge combined alphabetic vocabulary list (2025 PDF)
English,,,,,,扩展（extended）,general,Cambridge combined alphabetic vocabulary list (2025 PDF)
environment,,,,,,易错（tricky）,general,Cambridge combined alphabetic vocabulary list (2025 PDF)
eraser (UK rubber),,,,,,核心（core）,school,Cambridge combined alphabetic vocabulary list (2025 PDF)
evening,,,,,,核心（core）,time,Cambridge combined alphabetic vocabulary list (2025 PDF)
everywhere,,,,,,易错（tricky）,general,Cambridge combined alphabetic vocabulary list (2025 PDF)
eye,,,,,,扩展（extended）,general,Cambridge combined alphabetic vocabulary list (2025 PDF)
face,,,,,,扩展（extended）,general,Cambridge combined alphabetic vocabulary list (2025 PDF)
family,,,,,,扩展（extended）,general,Cambridge combined alphabetic vocabulary list (2025 PDF)
far,,,,,,扩展（extended）,general,Cambridge combined alphabetic vocabulary list (2025 PDF)
farm,,,,,,核心（core）,places,Cambridge combined alphabetic vocabulary list (2025 PDF)
fat,,,,,,扩展（extended）,general,Cambridge combined alphabetic vocabulary list (2025 PDF)
February,,,,,,核心（core）,time,Cambridge combined alphabetic vocabulary list (2025 PDF)
field,,,,,,扩展（extended）,general,Cambridge combined alphabetic vocabulary list (2025 PDF)
film (US movie),,,,,,易错（tricky）,general,Cambridge combined alphabetic vocabulary list (2025 PDF)
find,,,,,,核心（core）,actions,Cambridge combined alphabetic vocabulary list (2025 PDF)
find out,,,,,,核心（core）,actions,Cambridge combined alphabetic vocabulary list (2025 PDF)
finish,,,,,,核心（core）,actions,Cambridge combined alphabetic vocabulary list (2025 PDF)
fish,,,,,,核心（core）,animals,Cambridge combined alphabetic vocabulary list (2025 PDF)
fix,,,,,,扩展（extended）,general,Cambridge combined alphabetic vocabulary list (2025 PDF)
flashlight (UK torch),,,,,,易错（tricky）,general,Cambridge combined alphabetic vocabulary list (2025 PDF)
flower,,,,,,扩展（extended）,general,Cambridge combined alphabetic vocabulary list (2025 PDF)
fly,,,,,,扩展（extended）,general,Cambridge combined alphabetic vocabulary list (2025 PDF)
fog,,,,,,扩展（extended）,general,Cambridge combined alphabetic vocabulary list (2025 PDF)
food,,,,,,扩展（extended）,general,Cambridge combined alphabetic vocabulary list (2025 PDF)
for,,,,,,扩展（extended）,general,Cambridge combined alphabetic vocabulary list (2025 PDF)
Frank,,,,,,必写（must_write）,general,Cambridge combined alphabetic vocabulary list (2025 PDF)
Friday,,,,,,核心（core）,time,Cambridge combined alphabetic vocabulary list (2025 PDF)
friend,,,,,,扩展（extended）,general,Cambridge combined alphabetic vocabulary list (2025 PDF)
frightening,,,,,,易错（tricky）,general,Cambridge combined alphabetic vocabulary list (2025 PDF)
frog,,,,,,核心（core）,animals,Cambridge combined alphabetic vocabulary list (2025 PDF)
fun,,,,,,扩展（extended）,general,Cambridge combined alphabetic vocabulary list (2025 PDF)
funny,,,,,,扩展（extended）,general,Cambridge combined alphabetic vocabulary list (2025 PDF)
fur,,,,,,扩展（extended）,general,Cambridge combined alphabetic vocabulary list (2025 PDF)
game,,,,,,扩展（extended）,general,Cambridge combined alphabetic vocabulary list (2025 PDF)
garden,,,,,,核心（core）,places,Cambridge combined alphabetic vocabulary list (2025 PDF)
George,,,,,,必写（must_write）,general,Cambridge combined alphabetic vocabulary list (2025 PDF)
get,,,,,,扩展（extended）,general,Cambridge combined alphabetic vocabulary list (2025 PDF)
giraffe,,,,,,核心（core）,animals,Cambridge combined alphabetic vocabulary list (2025 PDF)
girl,,,,,,扩展（extended）,general,Cambridge combined alphabetic vocabulary list (2025 PDF)
give,,,,,,核心（core）,actions,Cambridge combined alphabetic vocabulary list (2025 PDF)
go,,,,,,核心（core）,actions,Cambridge combined alphabetic vocabulary list (2025 PDF)
go out,,,,,,核心（core）,actions,Cambridge combined alphabetic vocabulary list (2025 PDF)
goat,,,,,,核心（core）,animals,Cambridge combined alphabetic vocabulary list (2025 PDF)
good,,,,,,扩展（extended）,general,Cambridge combined alphabetic vocabulary list (2025 PDF)
grandparent,,,,,,易错（tricky）,general,Cambridge combined alphabetic vocabulary list (2025 PDF)
grape,,,,,,核心（core）,food,Cambridge combined alphabetic vocabulary list (2025 PDF)
green,,,,,,扩展（extended）,general,Cambridge combined alphabetic vocabulary list (2025 PDF)
grey (US gray),,,,,,易错（tricky）,general,Cambridge combined alphabetic vocabulary list (2025 PDF)
ground,,,,,,扩展（extended）,general,Cambridge combined alphabetic vocabulary list (2025 PDF)
gym,,,,,,扩展（extended）,general,Cambridge combined alphabetic vocabulary list (2025 PDF)
happy,,,,,,扩展（extended）,general,Cambridge combined alphabetic vocabulary list (2025 PDF)
Harry,,,,,,必写（must_write）,general,Cambridge combined alphabetic vocabulary list (2025 PDF)
hat,,,,,,扩展（extended）,general,Cambridge combined alphabetic vocabulary list (2025 PDF)
he,,,,,,扩展（extended）,general,Cambridge combined alphabetic vocabulary list (2025 PDF)
head,,,,,,扩展（extended）,general,Cambridge combined alphabetic vocabulary list (2025 PDF)
Helen,,,,,,必写（must_write）,general,Cambridge combined alphabetic vocabulary list (2025 PDF)
help,,,,,,核心（core）,actions,Cambridge combined alphabetic vocabulary list (2025 PDF)
here,,,,,,扩展（extended）,general,Cambridge combined alphabetic vocabulary list (2025 PDF)
hi,,,,,,扩展（extended）,general,Cambridge combined alphabetic vocabulary list (2025 PDF)
him,,,,,,扩展（extended）,general,Cambridge combined alphabetic vocabulary list (2025 PDF)
hippo,,,,,,核心（core）,animals,Cambridge combined alphabetic vocabulary list (2025 PDF)
hit,,,,,,扩展（extended）,general,Cambridge combined alphabetic vocabulary list (2025 PDF)
Holly,,,,,,必写（must_write）,general,Cambridge combined alphabetic vocabulary list (2025 PDF)
home,,,,,,扩展（extended）,general,Cambridge combined alphabetic vocabulary list (2025 PDF)
homework,,,,,,核心（core）,school,Cambridge combined alphabetic vocabulary list (2025 PDF)
honey,,,,,,核心（core）,food,Cambridge combined alphabetic vocabulary list (2025 PDF)
hop,,,,,,扩展（extended）,general,Cambridge combined alphabetic vocabulary list (2025 PDF)
horse,,,,,,核心（core）,animals,Cambridge combined alphabetic vocabulary list (2025 PDF)
hospital,,,,,,核心（core）,places,Cambridge combined alphabetic vocabulary list (2025 PDF)
hot,,,,,,扩展（extended）,general,Cambridge combined alphabetic vocabulary list (2025 PDF)
hotel,,,,,,核心（core）,places,Cambridge combined alphabetic vocabulary list (2025 PDF)
hour,,,,,,核心（core）,time,Cambridge combined alphabetic vocabulary list (2025 PDF)
house,,,,,,核心（core）,places,Cambridge combined alphabetic vocabulary list (2025 PDF)
how,,,,,,扩展（extended）,general,Cambridge combined alphabetic vocabulary list (2025 PDF)
ice,,,,,,扩展（extended）,general,Cambridge combined alphabetic vocabulary list (2025 PDF)
ice cream,,,,,,核心（core）,food,Cambridge combined alphabetic vocabulary list (2025 PDF)
if,,,,,,扩展（extended）,general,Cambridge combined alphabetic vocabulary list (2025 PDF)
ill,,,,,,扩展（extended）,general,Cambridge combined alphabetic vocabulary list (2025 PDF)
information,,,,,,易错（tricky）,general,Cambridge combined alphabetic vocabulary list (2025 PDF)
insect,,,,,,核心（core）,animals,Cambridge combined alphabetic vocabulary list (2025 PDF)
inside,,,,,,扩展（extended）,general,Cambridge combined alphabetic vocabulary list (2025 PDF)
instrument,,,,,,易错（tricky）,general,Cambridge combined alphabetic vocabulary list (2025 PDF)
interested,,,,,,易错（tricky）,general,Cambridge combined alphabetic vocabulary list (2025 PDF)
interesting,,,,,,易错（tricky）,general,Cambridge combined alphabetic vocabulary list (2025 PDF)
it,,,,,,扩展（extended）,general,Cambridge combined alphabetic vocabulary list (2025 PDF)
jacket,,,,,,扩展（extended）,general,Cambridge combined alphabetic vocabulary list (2025 PDF)
jam,,,,,,核心（core）,food,Cambridge combined alphabetic vocabulary list (2025 PDF)
January,,,,,,核心（core）,time,Cambridge combined alphabetic vocabulary list (2025 PDF)
job,,,,,,扩展（extended）,general,Cambridge combined alphabetic vocabulary list (2025 PDF)
journalist,,,,,,易错（tricky）,general,Cambridge combined alphabetic vocabulary list (2025 PDF)
juice,,,,,,核心（core）,food,Cambridge combined alphabetic vocabulary list (2025 PDF)
July,,,,,,核心（core）,time,Cambridge combined alphabetic vocabulary list (2025 PDF)
jump,,,,,,核心（core）,actions,Cambridge combined alphabetic vocabulary list (2025 PDF)
June,,,,,,核心（core）,time,Cambridge combined alphabetic vocabulary list (2025 PDF)
kangaroo,,,,,,核心（core）,animals,Cambridge combined alphabetic vocabulary list (2025 PDF)
Katy,,,,,,必写（must_write）,general,Cambridge combined alphabetic vocabulary list (2025 PDF)
key,,,,,,扩展（extended）,general,Cambridge combined alphabetic vocabulary list (2025 PDF)
kid,,,,,,扩展（extended）,general,Cambridge combined alphabetic vocabulary list (2025 PDF)
kilometre (US kilometer),,,,,,易错（tricky）,general,Cambridge combined alphabetic vocabulary list (2025 PDF)
kitchen,,,,,,核心（core）,places,Cambridge combined alphabetic vocabulary list (2025 PDF)
kitten,,,,,,核心（core）,animals,Cambridge combined alphabetic vocabulary list (2025 PDF)
know,,,,,,扩展（extended）,general,Cambridge combined alphabetic vocabulary list (2025 PDF)
lake,,,,,,扩展（extended）,general,Cambridge combined alphabetic vocabulary list (2025 PDF)
language,,,,,,核心（core）,school,Cambridge combined alphabetic vocabulary list (2025 PDF)
learn,,,,,,核心（core）,actions,Cambridge combined alphabetic vocabulary list (2025 PDF)
leg,,,,,,扩展（extended）,general,Cambridge combined alphabetic vocabulary list (2025 PDF)
lemonade,,,,,,核心（core）,food,Cambridge combined alphabetic vocabulary list (2025 PDF)
lesson,,,,,,扩展（extended）,general,Cambridge combined alphabetic vocabulary list (2025 PDF)
let,,,,,,扩展（extended）,general,Cambridge combined alphabetic vocabulary list (2025 PDF)
library,,,,,,核心（core）,places,Cambridge combined alphabetic vocabulary list (2025 PDF)
like,,,,,,扩展（extended）,general,Cambridge combined alphabetic vocabulary list (2025 PDF)
line,,,,,,扩展（extended）,general,Cambridge combined alphabetic vocabulary list (2025 PDF)
lion,,,,,,核心（core）,animals,Cambridge combined alphabetic vocabulary list (2025 PDF)
listen,,,,,,核心（core）,actions,Cambridge combined alphabetic vocabulary list (2025 PDF)
live,,,,,,扩展（extended）,general,Cambridge combined alphabetic vocabulary list (2025 PDF)
lizard,,,,,,核心（core）,animals,Cambridge combined alphabetic vocabulary list (2025 PDF)
long,,,,,,扩展（extended）,general,Cambridge combined alphabetic vocabulary list (2025 PDF)
look,,,,,,核心（core）,actions,Cambridge combined alphabetic vocabulary list (2025 PDF)
look after,,,,,,核心（core）,actions,Cambridge combined alphabetic vocabulary list (2025 PDF)
look like,,,,,,核心（core）,actions,Cambridge combined alphabetic vocabulary list (2025 PDF)
low,,,,,,扩展（extended）,general,Cambridge combined alphabetic vocabulary list (2025 PDF)
make,,,,,,核心（core）,actions,Cambridge combined alphabetic vocabulary list (2025 PDF)
many,,,,,,扩展（extended）,general,Cambridge combined alphabetic vocabulary list (2025 PDF)
map,,,,,,扩展（extended）,general,Cambridge combined alphabetic vocabulary list (2025 PDF)
March,,,,,,核心（core）,time,Cambridge combined alphabetic vocabulary list (2025 PDF)
market,,,,,,核心（core）,places,Cambridge combined alphabetic vocabulary list (2025 PDF)
mat,,,,,,扩展（extended）,general,Cambridge combined alphabetic vocabulary list (2025 PDF)
May,,,,,,核心（core）,time,Cambridge combined alphabetic vocabulary list (2025 PDF)
me,,,,,,扩展（extended）,general,Cambridge combined alphabetic vocabulary list (2025 PDF)
meal,,,,,,核心（core）,food,Cambridge combined alphabetic vocabulary list (2025 PDF)
medicine,,,,,,易错（tricky）,general,Cambridge combined alphabetic vocabulary list (2025 PDF)
Michael,,,,,,必写（must_write）,general,Cambridge combined alphabetic vocabulary list (2025 PDF)
midday,,,,,,核心（core）,time,Cambridge combined alphabetic vocabulary list (2025 PDF)
midnight,,,,,,核心（core）,time,Cambridge combined alphabetic vocabulary list (2025 PDF)
milk,,,,,,核心（core）,food,Cambridge combined alphabetic vocabulary list (2025 PDF)
minute,,,,,,核心（core）,time,Cambridge combined alphabetic vocabulary list (2025 PDF)
mix,,,,,,扩展（extended）,general,Cambridge combined alphabetic vocabulary list (2025 PDF)
Monday,,,,,,核心（core）,time,Cambridge combined alphabetic vocabulary list (2025 PDF)
monkey,,,,,,核心（core）,animals,Cambridge combined alphabetic vocabulary list (2025 PDF)
monster,,,,,,扩展（extended）,general,Cambridge combined alphabetic vocabulary list (2025 PDF)
month,,,,,,核心（core）,time,Cambridge combined alphabetic vocabulary list (2025 PDF)
morning,,,,,,核心（core）,time,Cambridge combined alphabetic vocabulary list (2025 PDF)
mother,,,,,,扩展（extended）,general,Cambridge combined alphabetic vocabulary list (2025 PDF)
motorway,,,,,,易错（tricky）,general,Cambridge combined alphabetic vocabulary list (2025 PDF)
mouth,,,,,,扩展（extended）,general,Cambridge combined alphabetic vocabulary list (2025 PDF)
mum,,,,,,扩展（extended）,general,Cambridge combined alphabetic vocabulary list (2025 PDF)
museum,,,,,,核心（core）,places,Cambridge combined alphabetic vocabulary list (2025 PDF)
music,,,,,,核心（core）,school,Cambridge combined alphabetic vocabulary list (2025 PDF)
name,,,,,,扩展（extended）,general,Cambridge combined alphabetic vocabulary list (2025 PDF)
net,,,,,,扩展（extended）,general,Cambridge combined alphabetic vocabulary list (2025 PDF)
new,,,,,,扩展（extended）,general,Cambridge combined alphabetic vocabulary list (2025 PDF)
next,,,,,,扩展（extended）,general,Cambridge combined alphabetic vocabulary list (2025 PDF)
night,,,,,,核心（core）,time,Cambridge combined alphabetic vocabulary list (2025 PDF)
no,,,,,,扩展（extended）,general,Cambridge combined alphabetic vocabulary list (2025 PDF)
not,,,,,,扩展（extended）,general,Cambridge combined alphabetic vocabulary list (2025 PDF)
November,,,,,,核心（core）,time,Cambridge combined alphabetic vocabulary list (2025 PDF)
now,,,,,,扩展（extended）,general,Cambridge combined alphabetic vocabulary list (2025 PDF)
October,,,,,,核心（core）,time,Cambridge combined alphabetic vocabulary list (2025 PDF)
octopus,,,,,,核心（core）,animals,Cambridge combined alphabetic vocabulary list (2025 PDF)
of,,,,,,扩展（extended）,general,Cambridge combined alphabetic vocabulary list (2025 PDF)
off,,,,,,扩展（extended）,general,Cambridge combined alphabetic vocabulary list (2025 PDF)
oh,,,,,,扩展（extended）,general,Cambridge combined alphabetic vocabulary list (2025 PDF)
old,,,,,,扩展（extended）,general,Cambridge combined alphabetic vocabulary list (2025 PDF)
Oliver,,,,,,必写（must_write）,general,Cambridge combined alphabetic vocabulary list (2025 PDF)
one,,,,,,扩展（extended）,general,Cambridge combined alphabetic vocabulary list (2025 PDF)
onion,,,,,,核心（core）,food,Cambridge combined alphabetic vocabulary list (2025 PDF)
open,,,,,,核心（core）,actions,Cambridge combined alphabetic vocabulary list (2025 PDF)
or,,,,,,扩展（extended）,general,Cambridge combined alphabetic vocabulary list (2025 PDF)
orange,,,,,,核心（core）,food,Cambridge combined alphabetic vocabulary list (2025 PDF)
out,,,,,,扩展（extended）,general,Cambridge combined alphabetic vocabulary list (2025 PDF)
p.m. (for time),,,,,,核心（core）,time,Cambridge combined alphabetic vocabulary list (2025 PDF)
page,,,,,,核心（core）,school,Cambridge combined alphabetic vocabulary list (2025 PDF)
paint,,,,,,核心（core）,actions,Cambridge combined alphabetic vocabulary list (2025 PDF)
panda,,,,,,核心（core）,animals,Cambridge combined alphabetic vocabulary list (2025 PDF)
paper,,,,,,核心（core）,school,Cambridge combined alphabetic vocabulary list (2025 PDF)
park,,,,,,核心（core）,places,Cambridge combined alphabetic vocabulary list (2025 PDF)
parrot,,,,,,核心（core）,animals,Cambridge combined alphabetic vocabulary list (2025 PDF)
part,,,,,,扩展（extended）,general,Cambridge combined alphabetic vocabulary list (2025 PDF)
party,,,,,,扩展（extended）,general,Cambridge combined alphabetic vocabulary list (2025 PDF)
pea,,,,,,扩展（extended）,general,Cambridge combined alphabetic vocabulary list (2025 PDF)
pear,,,,,,核心（core）,food,Cambridge combined alphabetic vocabulary list (2025 PDF)
pen,,,,,,核心（core）,school,Cambridge combined alphabetic vocabulary list (2025 PDF)
pencil,,,,,,核心（core）,school,Cambridge combined alphabetic vocabulary list (2025 PDF)
penguin,,,,,,核心（core）,animals,Cambridge combined alphabetic vocabulary list (2025 PDF)
pepper,,,,,,核心（core）,food,Cambridge combined alphabetic vocabulary list (2025 PDF)
pet,,,,,,扩展（extended）,general,Cambridge combined alphabetic vocabulary list (2025 PDF)
phone,,,,,,扩展（extended）,general,Cambridge combined alphabetic vocabulary list (2025 PDF)
pie,,,,,,扩展（extended）,general,Cambridge combined alphabetic vocabulary list (2025 PDF)
pink,,,,,,扩展（extended）,general,Cambridge combined alphabetic vocabulary list (2025 PDF)
pizza,,,,,,核心（core）,food,Cambridge combined alphabetic vocabulary list (2025 PDF)
plane,,,,,,扩展（extended）,general,Cambridge combined alphabetic vocabulary list (2025 PDF)
play,,,,,,核心（core）,actions,Cambridge combined alphabetic vocabulary list (2025 PDF)
playground,,,,,,核心（core）,places,Cambridge combined alphabetic vocabulary list (2025 PDF)
police station,,,,,,核心（core）,places,Cambridge combined alphabetic vocabulary list (2025 PDF)
post office,,,,,,核心（core）,places,Cambridge combined alphabetic vocabulary list (2025 PDF)
potato,,,,,,核心（core）,food,Cambridge combined alphabetic vocabulary list (2025 PDF)
pretty,,,,,,扩展（extended）,general,Cambridge combined alphabetic vocabulary list (2025 PDF)
programme (US program),,,,,,易错（tricky）,general,Cambridge combined alphabetic vocabulary list (2025 PDF)
puppy,,,,,,核心（core）,animals,Cambridge combined alphabetic vocabulary list (2025 PDF)
put,,,,,,核心（core）,actions,Cambridge combined alphabetic vocabulary list (2025 PDF)
quarter,,,,,,核心（core）,time,Cambridge combined alphabetic vocabulary list (2025 PDF)
question,,,,,,核心（core）,school,Cambridge combined alphabetic vocabulary list (2025 PDF)
rabbit,,,,,,核心（core）,animals,Cambridge combined alphabetic vocabulary list (2025 PDF)
railway,,,,,,核心（core）,places,Cambridge combined alphabetic vocabulary list (2025 PDF)
rain,,,,,,扩展（extended）,general,Cambridge combined alphabetic vocabulary list (2025 PDF)
read,,,,,,核心（core）,school,Cambridge combined alphabetic vocabulary list (2025 PDF)
red,,,,,,扩展（extended）,general,Cambridge combined alphabetic vocabulary list (2025 PDF)
restaurant,,,,,,易错（tricky）,places,Cambridge combined alphabetic vocabulary list (2025 PDF)
rice,,,,,,核心（core）,food,Cambridge combined alphabetic vocabulary list (2025 PDF)
Richard,,,,,,必写（must_write）,general,Cambridge combined alphabetic vocabulary list (2025 PDF)
ride,,,,,,核心（core）,actions,Cambridge combined alphabetic vocabulary list (2025 PDF)
right,,,,,,扩展（extended）,general,Cambridge combined alphabetic vocabulary list (2025 PDF)
river,,,,,,扩展（extended）,general,Cambridge combined alphabetic vocabulary list (2025 PDF)
road,,,,,,核心（core）,places,Cambridge combined alphabetic vocabulary list (2025 PDF)
Robert,,,,,,必写（must_write）,general,Cambridge combined alphabetic vocabulary list (2025 PDF)
room,,,,,,核心（core）,places,Cambridge combined alphabetic vocabulary list (2025 PDF)
rug,,,,,,扩展（extended）,general,Cambridge combined alphabetic vocabulary list (2025 PDF)
run,,,,,,核心（core）,actions,Cambridge combined alphabetic vocabulary list (2025 PDF)
sad,,,,,,扩展（extended）,general,Cambridge combined alphabetic vocabulary list (2025 PDF)
salt,,,,,,核心（core）,food,Cambridge combined alphabetic vocabulary list (2025 PDF)
sandwich,,,,,,核心（core）,food,Cambridge combined alphabetic vocabulary list (2025 PDF)
Sarah,,,,,,必写（must_write）,general,Cambridge combined alphabetic vocabulary list (2025 PDF)
Saturday,,,,,,核心（core）,time,Cambridge combined alphabetic vocabulary list (2025 PDF)
sausage,,,,,,核心（core）,food,Cambridge combined alphabetic vocabulary list (2025 PDF)
say,,,,,,核心（core）,actions,Cambridge combined alphabetic vocabulary list (2025 PDF)
school,,,,,,核心（core）,school,Cambridge combined alphabetic vocabulary list (2025 PDF)
scissors,,,,,,易错（tricky）,general,Cambridge combined alphabetic vocabulary list (2025 PDF)
sea,,,,,,扩展（extended）,general,Cambridge combined alphabetic vocabulary list (2025 PDF)
see,,,,,,核心（core）,actions,Cambridge combined alphabetic vocabulary list (2025 PDF)
September,,,,,,核心（core）,time,Cambridge combined alphabetic vocabulary list (2025 PDF)
shark,,,,,,核心（core）,animals,Cambridge combined alphabetic vocabulary list (2025 PDF)
she,,,,,,扩展（extended）,general,Cambridge combined alphabetic vocabulary list (2025 PDF)
shoe,,,,,,扩展（extended）,general,Cambridge combined alphabetic vocabulary list (2025 PDF)
shop,,,,,,核心（core）,places,Cambridge combined alphabetic vocabulary list (2025 PDF)
short,,,,,,扩展（extended）,general,Cambridge combined alphabetic vocabulary list (2025 PDF)
show,,,,,,核心（core）,actions,Cambridge combined alphabetic vocabulary list (2025 PDF)
sing,,,,,,核心（core）,actions,Cambridge combined alphabetic vocabulary list (2025 PDF)
sister,,,,,,扩展（extended）,general,Cambridge combined alphabetic vocabulary list (2025 PDF)
sit,,,,,,核心（core）,actions,Cambridge combined alphabetic vocabulary list (2025 PDF)
ski,,,,,,扩展（extended）,general,Cambridge combined alphabetic vocabulary list (2025 PDF)
sky,,,,,,扩展（extended）,general,Cambridge combined alphabetic vocabulary list (2025 PDF)
skyscraper,,,,,,易错（tricky）,general,Cambridge combined alphabetic vocabulary list (2025 PDF)
sleep,,,,,,核心（core）,actions,Cambridge combined alphabetic vocabulary list (2025 PDF)
small,,,,,,扩展（extended）,general,Cambridge combined alphabetic vocabulary list (2025 PDF)
smile,,,,,,核心（core）,actions,Cambridge combined alphabetic vocabulary list (2025 PDF)
snake,,,,,,核心（core）,animals,Cambridge combined alphabetic vocabulary list (2025 PDF)
snow,,,,,,扩展（extended）,general,Cambridge combined alphabetic vocabulary list (2025 PDF)
so,,,,,,扩展（extended）,general,Cambridge combined alphabetic vocabulary list (2025 PDF)
son,,,,,,扩展（extended）,general,Cambridge combined alphabetic vocabulary list (2025 PDF)
Sophia,,,,,,必写（must_write）,general,Cambridge combined alphabetic vocabulary list (2025 PDF)
soup,,,,,,核心（core）,food,Cambridge combined alphabetic vocabulary list (2025 PDF)
spaceship,,,,,,易错（tricky）,general,Cambridge combined alphabetic vocabulary list (2025 PDF)
spell,,,,,,核心（core）,actions,Cambridge combined alphabetic vocabulary list (2025 PDF)
spider,,,,,,核心（core）,animals,Cambridge combined alphabetic vocabulary list (2025 PDF)
sports centre (US center),,,,,,易错（tricky）,general,Cambridge combined alphabetic vocabulary list (2025 PDF)
star,,,,,,扩展（extended）,general,Cambridge combined alphabetic vocabulary list (2025 PDF)
story,,,,,,核心（core）,school,Cambridge combined alphabetic vocabulary list (2025 PDF)
straight on,,,,,,易错（tricky）,general,Cambridge combined alphabetic vocabulary list (2025 PDF)
strawberry,,,,,,易错（tricky）,food,Cambridge combined alphabetic vocabulary list (2025 PDF)
street,,,,,,核心（core）,places,Cambridge combined alphabetic vocabulary list (2025 PDF)
study,,,,,,核心（core）,school,Cambridge combined alphabetic vocabulary list (2025 PDF)
subject,,,,,,核心（core）,school,Cambridge combined alphabetic vocabulary list (2025 PDF)
sugar,,,,,,核心（core）,food,Cambridge combined alphabetic vocabulary list (2025 PDF)
suitcase,,,,,,易错（tricky）,general,Cambridge combined alphabetic vocabulary list (2025 PDF)
sun,,,,,,扩展（extended）,general,Cambridge combined alphabetic vocabulary list (2025 PDF)
Sunday,,,,,,核心（core）,time,Cambridge combined alphabetic vocabulary list (2025 PDF)
sunglasses,,,,,,易错（tricky）,general,Cambridge combined alphabetic vocabulary list (2025 PDF)
supermarket,,,,,,核心（core）,places,Cambridge combined alphabetic vocabulary list (2025 PDF)
swan,,,,,,核心（core）,animals,Cambridge combined alphabetic vocabulary list (2025 PDF)
swim,,,,,,核心（core）,actions,Cambridge combined alphabetic vocabulary list (2025 PDF)
table,,,,,,扩展（extended）,general,Cambridge combined alphabetic vocabulary list (2025 PDF)
tail,,,,,,扩展（extended）,general,Cambridge combined alphabetic vocabulary list (2025 PDF)
talk,,,,,,核心（core）,actions,Cambridge combined alphabetic vocabulary list (2025 PDF)
tall,,,,,,扩展（extended）,general,Cambridge combined alphabetic vocabulary list (2025 PDF)
tea,,,,,,核心（core）,food,Cambridge combined alphabetic vocabulary list (2025 PDF)
teacher,,,,,,核心（core）,school,Cambridge combined alphabetic vocabulary list (2025 PDF)
telephone,,,,,,核心（core）,school,Cambridge combined alphabetic vocabulary list (2025 PDF)
television/TV,,,,,,易错（tricky）,general,Cambridge combined alphabetic vocabulary list (2025 PDF)
tell,,,,,,核心（core）,actions,Cambridge combined alphabetic vocabulary list (2025 PDF)
the,,,,,,扩展（extended）,general,Cambridge combined alphabetic vocabulary list (2025 PDF)
theatre (US theater),,,,,,易错（tricky）,general,Cambridge combined alphabetic vocabulary list (2025 PDF)
thing,,,,,,扩展（extended）,general,Cambridge combined alphabetic vocabulary list (2025 PDF)
think,,,,,,核心（core）,actions,Cambridge combined alphabetic vocabulary list (2025 PDF)
through,,,,,,易错（tricky）,general,Cambridge combined alphabetic vocabulary list (2025 PDF)
throw,,,,,,核心（core）,actions,Cambridge combined alphabetic vocabulary list (2025 PDF)
Thursday,,,,,,核心（core）,time,Cambridge combined alphabetic vocabulary list (2025 PDF)
tiger,,,,,,核心（core）,animals,Cambridge combined alphabetic vocabulary list (2025 PDF)
time,,,,,,核心（core）,time,Cambridge combined alphabetic vocabulary list (2025 PDF)
timetable,,,,,,易错（tricky）,time,Cambridge combined alphabetic vocabulary list (2025 PDF)
tired,,,,,,扩展（extended）,general,Cambridge combined alphabetic vocabulary list (2025 PDF)
to,,,,,,扩展（extended）,general,Cambridge combined alphabetic vocabulary list (2025 PDF)
today,,,,,,核心（core）,time,Cambridge combined alphabetic vocabulary list (2025 PDF)
toe,,,,,,扩展（extended）,general,Cambridge combined alphabetic vocabulary list (2025 PDF)
tomorrow,,,,,,核心（core）,time,Cambridge combined alphabetic vocabulary list (2025 PDF)
too,,,,,,扩展（extended）,general,Cambridge combined alphabetic vocabulary list (2025 PDF)
top,,,,,,扩展（extended）,general,Cambridge combined alphabetic vocabulary list (2025 PDF)
tortoise,,,,,,核心（core）,animals,Cambridge combined alphabetic vocabulary list (2025 PDF)
town,,,,,,核心（core）,places,Cambridge combined alphabetic vocabulary list (2025 PDF)
toy,,,,,,扩展（extended）,general,Cambridge combined alphabetic vocabulary list (2025 PDF)
train,,,,,,扩展（extended）,general,Cambridge combined alphabetic vocabulary list (2025 PDF)
tree,,,,,,扩展（extended）,general,Cambridge combined alphabetic vocabulary list (2025 PDF)
trousers,,,,,,扩展（extended）,general,Cambridge combined alphabetic vocabulary list (2025 PDF)
try,,,,,,扩展（extended）,general,Cambridge combined alphabetic vocabulary list (2025 PDF)
Tuesday,,,,,,核心（core）,time,Cambridge combined alphabetic vocabulary list (2025 PDF)
turn off,,,,,,核心（core）,actions,Cambridge combined alphabetic vocabulary list (2025 PDF)
turn on,,,,,,核心（core）,actions,Cambridge combined alphabetic vocabulary list (2025 PDF)
ugly,,,,,,扩展（extended）,general,Cambridge combined alphabetic vocabulary list (2025 PDF)
umbrella,,,,,,易错（tricky）,general,Cambridge combined alphabetic vocabulary list (2025 PDF)
uniform,,,,,,易错（tricky）,general,Cambridge combined alphabetic vocabulary list (2025 PDF)
university,,,,,,易错（tricky）,places,Cambridge combined alphabetic vocabulary list (2025 PDF)
up,,,,,,扩展（extended）,general,Cambridge combined alphabetic vocabulary list (2025 PDF)
us,,,,,,扩展（extended）,general,Cambridge combined alphabetic vocabulary list (2025 PDF)
use,,,,,,扩展（extended）,general,Cambridge combined alphabetic vocabulary list (2025 PDF)
walk,,,,,,核心（core）,actions,Cambridge combined alphabetic vocabulary list (2025 PDF)
wall,,,,,,扩展（extended）,general,Cambridge combined alphabetic vocabulary list (2025 PDF)
watch,,,,,,核心（core）,actions,Cambridge combined alphabetic vocabulary list (2025 PDF)
water,,,,,,核心（core）,food,Cambridge combined alphabetic vocabulary list (2025 PDF)
watermelon,,,,,,核心（core）,food,Cambridge combined alphabetic vocabulary list (2025 PDF)
way,,,,,,扩展（extended）,general,Cambridge combined alphabetic vocabulary list (2025 PDF)
we,,,,,,扩展（extended）,general,Cambridge combined alphabetic vocabulary list (2025 PDF)
Wednesday,,,,,,核心（core）,time,Cambridge combined alphabetic vocabulary list (2025 PDF)
week,,,,,,核心（core）,time,Cambridge combined alphabetic vocabulary list (2025 PDF)
wet,,,,,,扩展（extended）,general,Cambridge combined alphabetic vocabulary list (2025 PDF)
whale,,,,,,核心（core）,animals,Cambridge combined alphabetic vocabulary list (2025 PDF)
white,,,,,,扩展（extended）,general,Cambridge combined alphabetic vocabulary list (2025 PDF)
who,,,,,,扩展（extended）,general,Cambridge combined alphabetic vocabulary list (2025 PDF)
why,,,,,,扩展（extended）,general,Cambridge combined alphabetic vocabulary list (2025 PDF)
William,,,,,,必写（must_write）,general,Cambridge combined alphabetic vocabulary list (2025 PDF)
win,,,,,,扩展（extended）,general,Cambridge combined alphabetic vocabulary list (2025 PDF)
window,,,,,,扩展（extended）,general,Cambridge combined alphabetic vocabulary list (2025 PDF)
woman/women,,,,,,易错（tricky）,general,Cambridge combined alphabetic vocabulary list (2025 PDF)
wonderful,,,,,,易错（tricky）,general,Cambridge combined alphabetic vocabulary list (2025 PDF)
word,,,,,,核心（core）,school,Cambridge combined alphabetic vocabulary list (2025 PDF)
wow,,,,,,扩展（extended）,general,Cambridge combined alphabetic vocabulary list (2025 PDF)
write,,,,,,核心（core）,school,Cambridge combined alphabetic vocabulary list (2025 PDF)
year,,,,,,核心（core）,time,Cambridge combined alphabetic vocabulary list (2025 PDF)
yellow,,,,,,扩展（extended）,general,Cambridge combined alphabetic vocabulary list (2025 PDF)
yes,,,,,,扩展（extended）,general,Cambridge combined alphabetic vocabulary list (2025 PDF)
yesterday,,,,,,核心（core）,time,Cambridge combined alphabetic vocabulary list (2025 PDF)
yet,,,,,,扩展（extended）,general,Cambridge combined alphabetic vocabulary list (2025 PDF)
yoghurt,,,,,,易错（tricky）,food,Cambridge combined alphabetic vocabulary list (2025 PDF)
you,,,,,,扩展（extended）,general,Cambridge combined alphabetic vocabulary list (2025 PDF)
young,,,,,,扩展（extended）,general,Cambridge combined alphabetic vocabulary list (2025 PDF)
zebra,,,,,,核心（core）,animals,Cambridge combined alphabetic vocabulary list (2025 PDF)
zero,,,,,,必写（must_write）,general,Cambridge combined alphabetic vocabulary list (2025 PDF)
zoo,,,,,,核心（core）,animals,Cambridge combined alphabetic vocabulary list (2025 PDF)
21st,,,,,,必写（must_write）,general,Cambridge combined alphabetic vocabulary list (2025 PDF)
22nd,,,,,,必写（must_write）,general,Cambridge combined alphabetic vocabulary list (2025 PDF)
23rd,,,,,,必写（must_write）,general,Cambridge combined alphabetic vocabulary list (2025 PDF)
24th,,,,,,必写（must_write）,general,Cambridge combined alphabetic vocabulary list (2025 PDF)
25th,,,,,,必写（must_write）,general,Cambridge combined alphabetic vocabulary list (2025 PDF)
26th,,,,,,必写（must_write）,general,Cambridge combined alphabetic vocabulary list (2025 PDF)
27th,,,,,,必写（must_write）,general,Cambridge combined alphabetic vocabulary list (2025 PDF)
28th,,,,,,必写（must_write）,general,Cambridge combined alphabetic vocabulary list (2025 PDF)
29th,,,,,,必写（must_write）,general,Cambridge combined alphabetic vocabulary list (2025 PDF)
30th,,,,,,必写（must_write）,general,Cambridge combined alphabetic vocabulary list (2025 PDF)
31st,,,,,,必写（must_write）,general,Cambridge combined alphabetic vocabulary list (2025 PDF)
Betty,,,,,,必写（must_write）,general,Cambridge combined alphabetic vocabulary list (2025 PDF)
a hundred,,,,,,必写（must_write）,general,Cambridge combined alphabetic vocabulary list (2025 PDF)
a million,,,,,,必写（must_write）,general,Cambridge combined alphabetic vocabulary list (2025 PDF)
a thousand,,,,,,必写（must_write）,general,Cambridge combined alphabetic vocabulary list (2025 PDF)
