word,phrase_type,range,official_write,training_include,write_priority,level_label,topic,special_type,source
bridge,word,Pre A1 Starters + A1 Movers + A2 Flyers,no,yes,core,核心（core）,places,,Cambridge combined alphabetic vocabulary list (2025 PDF)
brown,word,Pre A1 Starters + A1 Movers + A2 Flyers,no,yes,extended,扩展（extended）,general,,Cambridge combined alphabetic vocabulary list (2025 PDF)
burger,word,Pre A1 Starters + A1 Movers + A2 Flyers,no,yes,core,核心（core）,food,,Cambridge combined alphabetic vocabulary list (2025 PDF)
bus,word,Pre A1 Starters + A1 Movers + A2 Flyers,no,yes,extended,扩展（extended）,general,,Cambridge combined alphabetic vocabulary list (2025 PDF)
bus station,phrase,Pre A1 Starters + A1 Movers + A2 Flyers,no,yes,core,核心（core）,places,,Cambridge combined alphabetic vocabulary list (2025 PDF)
bus stop,phrase,Pre A1 Starters + A1 Movers + A2 Flyers,no,yes,core,核心（core）,places,,Cambridge combined alphabetic vocabulary list (2025 PDF)
but,word,Pre A1 Starters + A1 Movers + A2 Flyers,no,yes,extended,扩展（extended）,general,,Cambridge combined alphabetic vocabulary list (2025 PDF)
butterfly,word,Pre A1 Starters + A1 Movers + A2 Flyers,no,yes,core,核心（core）,animals,,Cambridge combined alphabetic vocabulary list (2025 PDF)
buy,word,Pre A1 Starters + A1 Movers + A2 Flyers,no,yes,core,核心（core）,actions,,Cambridge combined alphabetic vocabulary list (2025 PDF)
by,word,Pre A1 Starters + A1 Movers + A2 Flyers,no,yes,extended,扩展（extended）,general,,Cambridge combined alphabetic vocabulary list (2025 PDF)
bye,word,Pre A1 Starters + A1 Movers + A2 Flyers,no,yes,extended,扩展（extended）,general,,Cambridge combined alphabetic vocabulary list (2025 PDF)
café,word,Pre A1 Starters + A1 Movers + A2 Flyers,no,yes,core,核心（core）,places,,Cambridge combined alphabetic vocabulary list (2025 PDF)
cake,word,Pre A1 Starters + A1 Movers + A2 Flyers,no,yes,core,核心（core）,food,,Cambridge combined alphabetic vocabulary list (2025 PDF)
calendar,word,Pre A1 Starters + A1 Movers + A2 Flyers,no,yes,tricky,易错（tricky）,general,,Cambridge combined alphabetic vocabulary list (2025 PDF)
camel,word,Pre A1 Starters + A1 Movers + A2 Flyers,no,yes,core,核心（core）,animals,,Cambridge combined alphabetic vocabulary list (2025 PDF)
can,word,Pre A1 Starters + A1 Movers + A2 Flyers,no,yes,extended,扩展（extended）,general,,Cambridge combined alphabetic vocabulary list (2025 PDF)
candy (UK sweet(s)),phrase,Pre A1 Starters + A1 Movers + A2 Flyers,no,yes,core,核心（core）,food,,Cambridge combined alphabetic vocabulary list (2025 PDF)
car,word,Pre A1 Starters + A1 Movers + A2 Flyers,no,yes,extended,扩展（extended）,general,,Cambridge combined alphabetic vocabulary list (2025 PDF)
car park,phrase,Pre A1 Starters + A1 Movers + A2 Flyers,no,yes,core,核心（core）,places,,Cambridge combined alphabetic vocabulary list (2025 PDF)
carrot,word,Pre A1 Starters + A1 Movers + A2 Flyers,no,yes,core,核心（core）,food,,Cambridge combined alphabetic vocabulary list (2025 PDF)
carry,word,Pre A1 Starters + A1 Movers + A2 Flyers,no,yes,core,核心（core）,actions,,Cambridge combined alphabetic vocabulary list (2025 PDF)
castle,word,Pre A1 Starters + A1 Movers + A2 Flyers,no,yes,core,核心（core）,places,,Cambridge combined alphabetic vocabulary list (2025 PDF)
cat,word,Pre A1 Starters + A1 Movers + A2 Flyers,no,yes,core,核心（core）,animals,,Cambridge combined alphabetic vocabulary list (2025 PDF)
cereal,word,Pre A1 Starters + A1 Movers + A2 Flyers,no,yes,core,核心（core）,food,,Cambridge combined alphabetic vocabulary list (2025 PDF)
chair,word,Pre A1 Starters + A1 Movers + A2 Flyers,no,yes,extended,扩展（extended）,general,,Cambridge combined alphabetic vocabulary list (2025 PDF)
cheese,word,Pre A1 Starters + A1 Movers + A2 Flyers,no,yes,core,核心（core）,food,,Cambridge combined alphabetic vocabulary list (2025 PDF)
chemist('s),word,Pre A1 Starters + A1 Movers + A2 Flyers,no,yes,tricky,易错（tricky）,places,,Cambridge combined alphabetic vocabulary list (2025 PDF)
chicken,word,Pre A1 Starters + A1 Movers + A2 Flyers,no,yes,core,核心（core）,food,,Cambridge combined alphabetic vocabulary list (2025 PDF)
chips (US fries),phrase,Pre A1 Starters + A1 Movers + A2 Flyers,no,yes,core,核心（core）,food,,Cambridge combined alphabetic vocabulary list (2025 PDF)
chocolate,word,Pre A1 Starters + A1 Movers + A2 Flyers,no,yes,core,核心（core）,food,,Cambridge combined alphabetic vocabulary list (2025 PDF)
cinema,word,Pre A1 Starters + A1 Movers + A2 Flyers,no,yes,core,核心（core）,places,,Cambridge combined alphabetic vocabulary list (2025 PDF)
city,word,Pre A1 Starters + A1 Movers + A2 Flyers,no,yes,core,核心（core）,places,,Cambridge combined alphabetic vocabulary list (2025 PDF)
class,word,Pre A1 Starters + A1 Movers + A2 Flyers,no,yes,core,核心（core）,school,,Cambridge combined alphabetic vocabulary list (2025 PDF)
classmate,word,Pre A1 Starters + A1 Movers + A2 Flyers,no,yes,extended,扩展（extended）,general,,Cambridge combined alphabetic vocabulary list (2025 PDF)
classroom,word,Pre A1 Starters + A1 Movers + A2 Flyers,no,yes,core,核心（core）,school,,Cambridge combined alphabetic vocabulary list (2025 PDF)
clean,word,Pre A1 Starters + A1 Movers + A2 Flyers,no,yes,core,核心（core）,actions,,Cambridge combined alphabetic vocabulary list (2025 PDF)
close,word,Pre A1 Starters + A1 Movers + A2 Flyers,no,yes,core,核心（core）,actions,,Cambridge combined alphabetic vocabulary list (2025 PDF)
clothes,word,Pre A1 Starters + A1 Movers + A2 Flyers,no,yes,extended,扩展（extended）,general,,Cambridge combined alphabetic vocabulary list (2025 PDF)
cloud,word,Pre A1 Starters + A1 Movers + A2 Flyers,no,yes,extended,扩展（extended）,general,,Cambridge combined alphabetic vocabulary list (2025 PDF)
coconut,word,Pre A1 Starters + A1 Movers + A2 Flyers,no,yes,core,核心（core）,food,,Cambridge combined alphabetic vocabulary list (2025 PDF)
cold,word,Pre A1 Starters + A1 Movers + A2 Flyers,no,yes,extended,扩展（extended）,general,,Cambridge combined alphabetic vocabulary list (2025 PDF)
colour (US color),phrase,Pre A1 Starters + A1 Movers + A2 Flyers,no,yes,tricky,易错（tricky）,general,,Cambridge combined alphabetic vocabulary list (2025 PDF)
come,word,Pre A1 Starters + A1 Movers + A2 Flyers,no,yes,core,核心（core）,actions,,Cambridge combined alphabetic vocabulary list (2025 PDF)
competition,word,Pre A1 Starters + A1 Movers + A2 Flyers,no,yes,tricky,易错（tricky）,general,,Cambridge combined alphabetic vocabulary list (2025 PDF)
computer,word,Pre A1 Starters + A1 Movers + A2 Flyers,no,yes,core,核心（core）,school,,Cambridge combined alphabetic vocabulary list (2025 PDF)
conversation,word,Pre A1 Starters + A1 Movers + A2 Flyers,no,yes,tricky,易错（tricky）,general,,Cambridge combined alphabetic vocabulary list (2025 PDF)
cook,word,Pre A1 Starters + A1 Movers + A2 Flyers,no,yes,core,核心（core）,actions,,Cambridge combined alphabetic vocabulary list (2025 PDF)
cookie (UK biscuit),phrase,Pre A1 Starters + A1 Movers + A2 Flyers,no,yes,core,核心（core）,food,,Cambridge combined alphabetic vocabulary list (2025 PDF)
count,word,Pre A1 Starters + A1 Movers + A2 Flyers,no,yes,core,核心（core）,actions,,Cambridge combined alphabetic vocabulary list (2025 PDF)
country,word,Pre A1 Starters + A1 Movers + A2 Flyers,no,yes,core,核心（core）,places,,Cambridge combined alphabetic vocabulary list (2025 PDF)
countryside,word,Pre A1 Starters + A1 Movers + A2 Flyers,no,yes,tricky,易错（tricky）,general,,Cambridge combined alphabetic vocabulary list (2025 PDF)
cow,word,Pre A1 Starters + A1 Movers + A2 Flyers,no,yes,core,核心（core）,animals,,Cambridge combined alphabetic vocabulary list (2025 PDF)
crocodile,word,Pre A1 Starters + A1 Movers + A2 Flyers,no,yes,core,核心（core）,animals,,Cambridge combined alphabetic vocabulary list (2025 PDF)
cross,word,Pre A1 Starters + A1 Movers + A2 Flyers,no,yes,extended,扩展（extended）,general,,Cambridge combined alphabetic vocabulary list (2025 PDF)
cry,word,Pre A1 Starters + A1 Movers + A2 Flyers,no,yes,extended,扩展（extended）,general,,Cambridge combined alphabetic vocabulary list (2025 PDF)
cup,word,Pre A1 Starters + A1 Movers + A2 Flyers,no,yes,extended,扩展（extended）,general,,Cambridge combined alphabetic vocabulary list (2025 PDF)
cut,word,Pre A1 Starters + A1 Movers + A2 Flyers,no,yes,extended,扩展（extended）,general,,Cambridge combined alphabetic vocabulary list (2025 PDF)
dad,word,Pre A1 Starters + A1 Movers + A2 Flyers,no,yes,extended,扩展（extended）,general,,Cambridge combined alphabetic vocabulary list (2025 PDF)
David,word,Pre A1 Starters + A1 Movers + A2 Flyers,yes,yes,must_write,必写（must_write）,general,official_write,Cambridge combined alphabetic vocabulary list (2025 PDF)
day,word,Pre A1 Starters + A1 Movers + A2 Flyers,no,yes,extended,扩展（extended）,general,,Cambridge combined alphabetic vocabulary list (2025 PDF)
December,word,Pre A1 Starters + A1 Movers + A2 Flyers,no,yes,core,核心（core）,time,,Cambridge combined alphabetic vocabulary list (2025 PDF)
delicious,word,Pre A1 Starters + A1 Movers + A2 Flyers,no,yes,tricky,易错（tricky）,general,,Cambridge combined alphabetic vocabulary list (2025 PDF)
dictionary,word,Pre A1 Starters + A1 Movers + A2 Flyers,no,yes,core,核心（core）,school,,Cambridge combined alphabetic vocabulary list (2025 PDF)
do,word,Pre A1 Starters + A1 Movers + A2 Flyers,no,yes,extended,扩展（extended）,general,,Cambridge combined alphabetic vocabulary list (2025 PDF)
dog,word,Pre A1 Starters + A1 Movers + A2 Flyers,no,yes,core,核心（core）,animals,,Cambridge combined alphabetic vocabulary list (2025 PDF)
dolphin,word,Pre A1 Starters + A1 Movers + A2 Flyers,no,yes,core,核心（core）,animals,,Cambridge combined alphabetic vocabulary list (2025 PDF)
donkey,word,Pre A1 Starters + A1 Movers + A2 Flyers,no,yes,core,核心（core）,animals,,Cambridge combined alphabetic vocabulary list (2025 PDF)
draw,word,Pre A1 Starters + A1 Movers + A2 Flyers,no,yes,core,核心（core）,actions,,Cambridge combined alphabetic vocabulary list (2025 PDF)
dress,word,Pre A1 Starters + A1 Movers + A2 Flyers,no,yes,extended,扩展（extended）,general,,Cambridge combined alphabetic vocabulary list (2025 PDF)
drink,word,Pre A1 Starters + A1 Movers + A2 Flyers,no,yes,core,核心（core）,actions,,Cambridge combined alphabetic vocabulary list (2025 PDF)
drive,word,Pre A1 Starters + A1 Movers + A2 Flyers,no,yes,core,核心（core）,actions,,Cambridge combined alphabetic vocabulary list (2025 PDF)
dry,word,Pre A1 Starters + A1 Movers + A2 Flyers,no,yes,extended,扩展（extended）,general,,Cambridge combined alphabetic vocabulary list (2025 PDF)
duck,word,Pre A1 Starters + A1 Movers + A2 Flyers,no,yes,core,核心（core）,animals,,Cambridge combined alphabetic vocabulary list (2025 PDF)
eagle,word,Pre A1 Starters + A1 Movers + A2 Flyers,no,yes,core,核心（core）,animals,,Cambridge combined alphabetic vocabulary list (2025 PDF)
ear,word,Pre A1 Starters + A1 Movers + A2 Flyers,no,yes,extended,扩展（extended）,general,,Cambridge combined alphabetic vocabulary list (2025 PDF)
easy,word,Pre A1 Starters + A1 Movers + A2 Flyers,no,yes,extended,扩展（extended）,general,,Cambridge combined alphabetic vocabulary list (2025 PDF)
eat,word,Pre A1 Starters + A1 Movers + A2 Flyers,no,yes,core,核心（core）,actions,,Cambridge combined alphabetic vocabulary list (2025 PDF)
egg,word,Pre A1 Starters + A1 Movers + A2 Flyers,no,yes,extended,扩展（extended）,general,,Cambridge combined alphabetic vocabulary list (2025 PDF)
elephant,word,Pre A1 Starters + A1 Movers + A2 Flyers,no,yes,core,核心（core）,animals,,Cambridge combined alphabetic vocabulary list (2025 PDF)
Emma,word,Pre A1 Starters + A1 Movers + A2 Flyers,yes,yes,must_write,必写（must_write）,general,official_write,Cambridge combined alphabetic vocabulary list (2025 PDF)
end,word,Pre A1 Starters + A1 Movers + A2 Flyers,no,yes,extended,扩展（extended）,general,,Cambridge combined alphabetic vocabulary list (2025 PDF)
English,word,Pre A1 Starters + A1 Movers + A2 Flyers,no,yes,extended,扩展（extended）,general,,Cambridge combined alphabetic vocabulary list (2025 PDF)
environment,word,Pre A1 Starters + A1 Movers + A2 Flyers,no,yes,tricky,易错（tricky）,general,,Cambridge combined alphabetic vocabulary list (2025 PDF)
eraser (UK rubber),phrase,Pre A1 Starters + A1 Movers + A2 Flyers,no,yes,core,核心（core）,school,,Cambridge combined alphabetic vocabulary list (2025 PDF)
evening,word,Pre A1 Starters + A1 Movers + A2 Flyers,no,yes,core,核心（core）,time,,Cambridge combined alphabetic vocabulary list (2025 PDF)
everywhere,word,Pre A1 Starters + A1 Movers + A2 Flyers,no,yes,tricky,易错（tricky）,general,,Cambridge combined alphabetic vocabulary list (2025 PDF)
eye,word,Pre A1 Starters + A1 Movers + A2 Flyers,no,yes,extended,扩展（extended）,general,,Cambridge combined alphabetic vocabulary list (2025 PDF)
face,word,Pre A1 Starters + A1 Movers + A2 Flyers,no,yes,extended,扩展（extended）,general,,Cambridge combined alphabetic vocabulary list (2025 PDF)
family,word,Pre A1 Starters + A1 Movers + A2 Flyers,no,yes,extended,扩展（extended）,general,,Cambridge combined alphabetic vocabulary list (2025 PDF)
far,word,Pre A1 Starters + A1 Movers + A2 Flyers,no,yes,extended,扩展（extended）,general,,Cambridge combined alphabetic vocabulary list (2025 PDF)
farm,word,Pre A1 Starters + A1 Movers + A2 Flyers,no,yes,core,核心（core）,places,,Cambridge combined alphabetic vocabulary list (2025 PDF)
fat,word,Pre A1 Starters + A1 Movers + A2 Flyers,no,yes,extended,扩展（extended）,general,,Cambridge combined alphabetic vocabulary list (2025 PDF)
February,word,Pre A1 Starters + A1 Movers + A2 Flyers,no,yes,core,核心（core）,time,,Cambridge combined alphabetic vocabulary list (2025 PDF)
field,word,Pre A1 Starters + A1 Movers + A2 Flyers,no,yes,extended,扩展（extended）,general,,Cambridge combined alphabetic vocabulary list (2025 PDF)
film (US movie),phrase,Pre A1 Starters + A1 Movers + A2 Flyers,no,yes,tricky,易错（tricky）,general,,Cambridge combined alphabetic vocabulary list (2025 PDF)
find,word,Pre A1 Starters + A1 Movers + A2 Flyers,no,yes,core,核心（core）,actions,,Cambridge combined alphabetic vocabulary list (2025 PDF)
find out,phrase,Pre A1 Starters + A1 Movers + A2 Flyers,no,yes,core,核心（core）,actions,,Cambridge combined alphabetic vocabulary list (2025 PDF)
finish,word,Pre A1 Starters + A1 Movers + A2 Flyers,no,yes,core,核心（core）,actions,,Cambridge combined alphabetic vocabulary list (2025 PDF)
fish,word,Pre A1 Starters + A1 Movers + A2 Flyers,no,yes,core,核心（core）,animals,,Cambridge combined alphabetic vocabulary list (2025 PDF)
fix,word,Pre A1 Starters + A1 Movers + A2 Flyers,no,yes,extended,扩展（extended）,general,,Cambridge combined alphabetic vocabulary list (2025 PDF)
flashlight (UK torch),phrase,Pre A1 Starters + A1 Movers + A2 Flyers,no,yes,tricky,易错（tricky）,general,,Cambridge combined alphabetic vocabulary list (2025 PDF)
flower,word,Pre A1 Starters + A1 Movers + A2 Flyers,no,yes,extended,扩展（extended）,general,,Cambridge combined alphabetic vocabulary list (2025 PDF)
fly,word,Pre A1 Starters + A1 Movers + A2 Flyers,no,yes,extended,扩展（extended）,general,,Cambridge combined alphabetic vocabulary list (2025 PDF)
fog,word,Pre A1 Starters + A1 Movers + A2 Flyers,no,yes,extended,扩展（extended）,general,,Cambridge combined alphabetic vocabulary list (2025 PDF)
food,word,Pre A1 Starters + A1 Movers + A2 Flyers,no,yes,extended,扩展（extended）,general,,Cambridge combined alphabetic vocabulary list (2025 PDF)
for,word,Pre A1 Starters + A1 Movers + A2 Flyers,no,yes,extended,扩展（extended）,general,,Cambridge combined alphabetic vocabulary list (2025 PDF)
Frank,word,Pre A1 Starters + A1 Movers + A2 Flyers,yes,yes,must_write,必写（must_write）,general,official_write,Cambridge combined alphabetic vocabulary list (2025 PDF)
Friday,word,Pre A1 Starters + A1 Movers + A2 Flyers,no,yes,core,核心（core）,time,,Cambridge combined alphabetic vocabulary list (2025 PDF)
friend,word,Pre A1 Starters + A1 Movers + A2 Flyers,no,yes,extended,扩展（extended）,general,,Cambridge combined alphabetic vocabulary list (2025 PDF)
frightening,word,Pre A1 Starters + A1 Movers + A2 Flyers,no,yes,tricky,易错（tricky）,general,,Cambridge combined alphabetic vocabulary list (2025 PDF)
frog,word,Pre A1 Starters + A1 Movers + A2 Flyers,no,yes,core,核心（core）,animals,,Cambridge combined alphabetic vocabulary list (2025 PDF)
fun,word,Pre A1 Starters + A1 Movers + A2 Flyers,no,yes,extended,扩展（extended）,general,,Cambridge combined alphabetic vocabulary list (2025 PDF)
funny,word,Pre A1 Starters + A1 Movers + A2 Flyers,no,yes,extended,扩展（extended）,general,,Cambridge combined alphabetic vocabulary list (2025 PDF)
fur,word,Pre A1 Starters + A1 Movers + A2 Flyers,no,yes,extended,扩展（extended）,general,,Cambridge combined alphabetic vocabulary list (2025 PDF)
game,word,Pre A1 Starters + A1 Movers + A2 Flyers,no,yes,extended,扩展（extended）,general,,Cambridge combined alphabetic vocabulary list (2025 PDF)
garden,word,Pre A1 Starters + A1 Movers + A2 Flyers,no,yes,core,核心（core）,places,,Cambridge combined alphabetic vocabulary list (2025 PDF)
George,word,Pre A1 Starters + A1 Movers + A2 Flyers,yes,yes,must_write,必写（must_write）,general,official_write,Cambridge combined alphabetic vocabulary list (2025 PDF)
get,word,Pre A1 Starters + A1 Movers + A2 Flyers,no,yes,extended,扩展（extended）,general,,Cambridge combined alphabetic vocabulary list (2025 PDF)
giraffe,word,Pre A1 Starters + A1 Movers + A2 Flyers,no,yes,core,核心（core）,animals,,Cambridge combined alphabetic vocabulary list (2025 PDF)
girl,word,Pre A1 Starters + A1 Movers + A2 Flyers,no,yes,extended,扩展（extended）,general,,Cambridge combined alphabetic vocabulary list (2025 PDF)
give,word,Pre A1 Starters + A1 Movers + A2 Flyers,no,yes,core,核心（core）,actions,,Cambridge combined alphabetic vocabulary list (2025 PDF)
go,word,Pre A1 Starters + A1 Movers + A2 Flyers,no,yes,core,核心（core）,actions,,Cambridge combined alphabetic vocabulary list (2025 PDF)
go out,phrase,Pre A1 Starters + A1 Movers + A2 Flyers,no,yes,core,核心（core）,actions,,Cambridge combined alphabetic vocabulary list (2025 PDF)
goat,word,Pre A1 Starters + A1 Movers + A2 Flyers,no,yes,core,核心（core）,animals,,Cambridge combined alphabetic vocabulary list (2025 PDF)
good,word,Pre A1 Starters + A1 Movers + A2 Flyers,no,yes,extended,扩展（extended）,general,,Cambridge combined alphabetic vocabulary list (2025 PDF)
grandparent,word,Pre A1 Starters + A1 Movers + A2 Flyers,no,yes,tricky,易错（tricky）,general,,Cambridge combined alphabetic vocabulary list (2025 PDF)
grape,word,Pre A1 Starters + A1 Movers + A2 Flyers,no,yes,core,核心（core）,food,,Cambridge combined alphabetic vocabulary list (2025 PDF)
green,word,Pre A1 Starters + A1 Movers + A2 Flyers,no,yes,extended,扩展（extended）,general,,Cambridge combined alphabetic vocabulary list (2025 PDF)
grey (US gray),phrase,Pre A1 Starters + A1 Movers + A2 Flyers,no,yes,tricky,易错（tricky）,general,,Cambridge combined alphabetic vocabulary list (2025 PDF)
ground,word,Pre A1 Starters + A1 Movers + A2 Flyers,no,yes,extended,扩展（extended）,general,,Cambridge combined alphabetic vocabulary list (2025 PDF)
gym,word,Pre A1 Starters + A1 Movers + A2 Flyers,no,yes,extended,扩展（extended）,general,,Cambridge combined alphabetic vocabulary list (2025 PDF)
happy,word,Pre A1 Starters + A1 Movers + A2 Flyers,no,yes,extended,扩展（extended）,general,,Cambridge combined alphabetic vocabulary list (2025 PDF)
Harry,word,Pre A1 Starters + A1 Movers + A2 Flyers,yes,yes,must_write,必写（must_write）,general,official_write,Cambridge combined alphabetic vocabulary list (2025 PDF)
hat,word,Pre A1 Starters + A1 Movers + A2 Flyers,no,yes,extended,扩展（extended）,general,,Cambridge combined alphabetic vocabulary list (2025 PDF)
he,word,Pre A1 Starters + A1 Movers + A2 Flyers,no,yes,extended,扩展（extended）,general,,Cambridge combined alphabetic vocabulary list (2025 PDF)
head,word,Pre A1 Starters + A1 Movers + A2 Flyers,no,yes,extended,扩展（extended）,general,,Cambridge combined alphabetic vocabulary list (2025 PDF)
Helen,word,Pre A1 Starters + A1 Movers + A2 Flyers,yes,yes,must_write,必写（must_write）,general,official_write,Cambridge combined alphabetic vocabulary list (2025 PDF)
help,word,Pre A1 Starters + A1 Movers + A2 Flyers,no,yes,core,核心（core）,actions,,Cambridge combined alphabetic vocabulary list (2025 PDF)
here,word,Pre A1 Starters + A1 Movers + A2 Flyers,no,yes,extended,扩展（extended）,general,,Cambridge combined alphabetic vocabulary list (2025 PDF)
hi,word,Pre A1 Starters + A1 Movers + A2 Flyers,no,yes,extended,扩展（extended）,general,,Cambridge combined alphabetic vocabulary list (2025 PDF)
him,word,Pre A1 Starters + A1 Movers + A2 Flyers,no,yes,extended,扩展（extended）,general,,Cambridge combined alphabetic vocabulary list (2025 PDF)
hippo,word,Pre A1 Starters + A1 Movers + A2 Flyers,no,yes,core,核心（core）,animals,,Cambridge combined alphabetic vocabulary list (2025 PDF)
hit,word,Pre A1 Starters + A1 Movers + A2 Flyers,no,yes,extended,扩展（extended）,general,,Cambridge combined alphabetic vocabulary list (2025 PDF)
Holly,word,Pre A1 Starters + A1 Movers + A2 Flyers,yes,yes,must_write,必写（must_write）,general,official_write,Cambridge combined alphabetic vocabulary list (2025 PDF)
home,word,Pre A1 Starters + A1 Movers + A2 Flyers,no,yes,extended,扩展（extended）,general,,Cambridge combined alphabetic vocabulary list (2025 PDF)
homework,word,Pre A1 Starters + A1 Movers + A2 Flyers,no,yes,core,核心（core）,school,,Cambridge combined alphabetic vocabulary list (2025 PDF)
honey,word,Pre A1 Starters + A1 Movers + A2 Flyers,no,yes,core,核心（core）,food,,Cambridge combined alphabetic vocabulary list (2025 PDF)
hop,word,Pre A1 Starters + A1 Movers + A2 Flyers,no,yes,extended,扩展（extended）,general,,Cambridge combined alphabetic vocabulary list (2025 PDF)
horse,word,Pre A1 Starters + A1 Movers + A2 Flyers,no,yes,core,核心（core）,animals,,Cambridge combined alphabetic vocabulary list (2025 PDF)
hospital,word,Pre A1 Starters + A1 Movers + A2 Flyers,no,yes,core,核心（core）,places,,Cambridge combined alphabetic vocabulary list (2025 PDF)
hot,word,Pre A1 Starters + A1 Movers + A2 Flyers,no,yes,extended,扩展（extended）,general,,Cambridge combined alphabetic vocabulary list (2025 PDF)
hotel,word,Pre A1 Starters + A1 Movers + A2 Flyers,no,yes,core,核心（core）,places,,Cambridge combined alphabetic vocabulary list (2025 PDF)
hour,word,Pre A1 Starters + A1 Movers + A2 Flyers,no,yes,core,核心（core）,time,,Cambridge combined alphabetic vocabulary list (2025 PDF)
house,word,Pre A1 Starters + A1 Movers + A2 Flyers,no,yes,core,核心（core）,places,,Cambridge combined alphabetic vocabulary list (2025 PDF)
how,word,Pre A1 Starters + A1 Movers + A2 Flyers,no,yes,extended,扩展（extended）,general,,Cambridge combined alphabetic vocabulary list (2025 PDF)
ice,word,Pre A1 Starters + A1 Movers + A2 Flyers,no,yes,extended,扩展（extended）,general,,Cambridge combined alphabetic vocabulary list (2025 PDF)
ice cream,phrase,Pre A1 Starters + A1 Movers + A2 Flyers,no,yes,core,核心（core）,food,,Cambridge combined alphabetic vocabulary list (2025 PDF)
if,word,Pre A1 Starters + A1 Movers + A2 Flyers,no,yes,extended,扩展（extended）,general,,Cambridge combined alphabetic vocabulary list (2025 PDF)
ill,word,Pre A1 Starters + A1 Movers + A2 Flyers,no,yes,extended,扩展（extended）,general,,Cambridge combined alphabetic vocabulary list (2025 PDF)
information,word,Pre A1 Starters + A1 Movers + A2 Flyers,no,yes,tricky,易错（tricky）,general,,Cambridge combined alphabetic vocabulary list (2025 PDF)
insect,word,Pre A1 Starters + A1 Movers + A2 Flyers,no,yes,core,核心（core）,animals,,Cambridge combined alphabetic vocabulary list (2025 PDF)
inside,word,Pre A1 Starters + A1 Movers + A2 Flyers,no,yes,extended,扩展（extended）,general,,Cambridge combined alphabetic vocabulary list (2025 PDF)
instrument,word,Pre A1 Starters + A1 Movers + A2 Flyers,no,yes,tricky,易错（tricky）,general,,Cambridge combined alphabetic vocabulary list (2025 PDF)
interested,word,Pre A1 Starters + A1 Movers + A2 Flyers,no,yes,tricky,易错（tricky）,general,,Cambridge combined alphabetic vocabulary list (2025 PDF)
interesting,word,Pre A1 Starters + A1 Movers + A2 Flyers,no,yes,tricky,易错（tricky）,general,,Cambridge combined alphabetic vocabulary list (2025 PDF)
it,word,Pre A1 Starters + A1 Movers + A2 Flyers,no,yes,extended,扩展（extended）,general,,Cambridge combined alphabetic vocabulary list (2025 PDF)
jacket,word,Pre A1 Starters + A1 Movers + A2 Flyers,no,yes,extended,扩展（extended）,general,,Cambridge combined alphabetic vocabulary list (2025 PDF)
jam,word,Pre A1 Starters + A1 Movers + A2 Flyers,no,yes,core,核心（core）,food,,Cambridge combined alphabetic vocabulary list (2025 PDF)
January,word,Pre A1 Starters + A1 Movers + A2 Flyers,no,yes,core,核心（core）,time,,Cambridge combined alphabetic vocabulary list (2025 PDF)
job,word,Pre A1 Starters + A1 Movers + A2 Flyers,no,yes,extended,扩展（extended）,general,,Cambridge combined alphabetic vocabulary list (2025 PDF)
journalist,word,Pre A1 Starters + A1 Movers + A2 Flyers,no,yes,tricky,易错（tricky）,general,,Cambridge combined alphabetic vocabulary list (2025 PDF)
juice,word,Pre A1 Starters + A1 Movers + A2 Flyers,no,yes,core,核心（core）,food,,Cambridge combined alphabetic vocabulary list (2025 PDF)
July,word,Pre A1 Starters + A1 Movers + A2 Flyers,no,yes,core,核心（core）,time,,Cambridge combined alphabetic vocabulary list (2025 PDF)
jump,word,Pre A1 Starters + A1 Movers + A2 Flyers,no,yes,core,核心（core）,actions,,Cambridge combined alphabetic vocabulary list (2025 PDF)
June,word,Pre A1 Starters + A1 Movers + A2 Flyers,no,yes,core,核心（core）,time,,Cambridge combined alphabetic vocabulary list (2025 PDF)
kangaroo,word,Pre A1 Starters + A1 Movers + A2 Flyers,no,yes,core,核心（core）,animals,,Cambridge combined alphabetic vocabulary list (2025 PDF)
Katy,word,Pre A1 Starters + A1 Movers + A2 Flyers,yes,yes,must_write,必写（must_write）,general,official_write,Cambridge combined alphabetic vocabulary list (2025 PDF)
key,word,Pre A1 Starters + A1 Movers + A2 Flyers,no,yes,extended,扩展（extended）,general,,Cambridge combined alphabetic vocabulary list (2025 PDF)
kid,word,Pre A1 Starters + A1 Movers + A2 Flyers,no,yes,extended,扩展（extended）,general,,Cambridge combined alphabetic vocabulary list (2025 PDF)
kilometre (US kilometer),phrase,Pre A1 Starters + A1 Movers + A2 Flyers,no,yes,tricky,易错（tricky）,general,,Cambridge combined alphabetic vocabulary list (2025 PDF)
kitchen,word,Pre A1 Starters + A1 Movers + A2 Flyers,no,yes,core,核心（core）,places,,Cambridge combined alphabetic vocabulary list (2025 PDF)
kitten,word,Pre A1 Starters + A1 Movers + A2 Flyers,no,yes,core,核心（core）,animals,,Cambridge combined alphabetic vocabulary list (2025 PDF)
know,word,Pre A1 Starters + A1 Movers + A2 Flyers,no,yes,extended,扩展（extended）,general,,Cambridge combined alphabetic vocabulary list (2025 PDF)
lake,word,Pre A1 Starters + A1 Movers + A2 Flyers,no,yes,extended,扩展（extended）,general,,Cambridge combined alphabetic vocabulary list (2025 PDF)
language,word,Pre A1 Starters + A1 Movers + A2 Flyers,no,yes,core,核心（core）,school,,Cambridge combined alphabetic vocabulary list (2025 PDF)
learn,word,Pre A1 Starters + A1 Movers + A2 Flyers,no,yes,core,核心（core）,actions,,Cambridge combined alphabetic vocabulary list (2025 PDF)
leg,word,Pre A1 Starters + A1 Movers + A2 Flyers,no,yes,extended,扩展（extended）,general,,Cambridge combined alphabetic vocabulary list (2025 PDF)
lemonade,word,Pre A1 Starters + A1 Movers + A2 Flyers,no,yes,core,核心（core）,food,,Cambridge combined alphabetic vocabulary list (2025 PDF)
lesson,word,Pre A1 Starters + A1 Movers + A2 Flyers,no,yes,extended,扩展（extended）,general,,Cambridge combined alphabetic vocabulary list (2025 PDF)
let,word,Pre A1 Starters + A1 Movers + A2 Flyers,no,yes,extended,扩展（extended）,general,,Cambridge combined alphabetic vocabulary list (2025 PDF)
library,word,Pre A1 Starters + A1 Movers + A2 Flyers,no,yes,core,核心（core）,places,,Cambridge combined alphabetic vocabulary list (2025 PDF)
like,word,Pre A1 Starters + A1 Movers + A2 Flyers,no,yes,extended,扩展（extended）,general,,Cambridge combined alphabetic vocabulary list (2025 PDF)
line,word,Pre A1 Starters + A1 Movers + A2 Flyers,no,yes,extended,扩展（extended）,general,,Cambridge combined alphabetic vocabulary list (2025 PDF)
lion,word,Pre A1 Starters + A1 Movers + A2 Flyers,no,yes,core,核心（core）,animals,,Cambridge combined alphabetic vocabulary list (2025 PDF)
listen,word,Pre A1 Starters + A1 Movers + A2 Flyers,no,yes,core,核心（core）,actions,,Cambridge combined alphabetic vocabulary list (2025 PDF)
live,word,Pre A1 Starters + A1 Movers + A2 Flyers,no,yes,extended,扩展（extended）,general,,Cambridge combined alphabetic vocabulary list (2025 PDF)
lizard,word,Pre A1 Starters + A1 Movers + A2 Flyers,no,yes,core,核心（core）,animals,,Cambridge combined alphabetic vocabulary list (2025 PDF)
long,word,Pre A1 Starters + A1 Movers + A2 Flyers,no,yes,extended,扩展（extended）,general,,Cambridge combined alphabetic vocabulary list (2025 PDF)
look,word,Pre A1 Starters + A1 Movers + A2 Flyers,no,yes,core,核心（core）,actions,,Cambridge combined alphabetic vocabulary list (2025 PDF)
look after,phrase,Pre A1 Starters + A1 Movers + A2 Flyers,no,yes,core,核心（core）,actions,,Cambridge combined alphabetic vocabulary list (2025 PDF)
look like,phrase,Pre A1 Starters + A1 Movers + A2 Flyers,no,yes,core,核心（core）,actions,,Cambridge combined alphabetic vocabulary list (2025 PDF)
low,word,Pre A1 Starters + A1 Movers + A2 Flyers,no,yes,extended,扩展（extended）,general,,Cambridge combined alphabetic vocabulary list (2025 PDF)
make,word,Pre A1 Starters + A1 Movers + A2 Flyers,no,yes,core,核心（core）,actions,,Cambridge combined alphabetic vocabulary list (2025 PDF)
many,word,Pre A1 Starters + A1 Movers + A2 Flyers,no,yes,extended,扩展（extended）,general,,Cambridge combined alphabetic vocabulary list (2025 PDF)
map,word,Pre A1 Starters + A1 Movers + A2 Flyers,no,yes,extended,扩展（extended）,general,,Cambridge combined alphabetic vocabulary list (2025 PDF)
March,word,Pre A1 Starters + A1 Movers + A2 Flyers,no,yes,core,核心（core）,time,,Cambridge combined alphabetic vocabulary list (2025 PDF)
market,word,Pre A1 Starters + A1 Movers + A2 Flyers,no,yes,core,核心（core）,places,,Cambridge combined alphabetic vocabulary list (2025 PDF)
mat,word,Pre A1 Starters + A1 Movers + A2 Flyers,no,yes,extended,扩展（extended）,general,,Cambridge combined alphabetic vocabulary list (2025 PDF)
May,word,Pre A1 Starters + A1 Movers + A2 Flyers,no,yes,core,核心（core）,time,,Cambridge combined alphabetic vocabulary list (2025 PDF)
me,word,Pre A1 Starters + A1 Movers + A2 Flyers,no,yes,extended,扩展（extended）,general,,Cambridge combined alphabetic vocabulary list (2025 PDF)
meal,word,Pre A1 Starters + A1 Movers + A2 Flyers,no,yes,core,核心（core）,food,,Cambridge combined alphabetic vocabulary list (2025 PDF)
medicine,word,Pre A1 Starters + A1 Movers + A2 Flyers,no,yes,tricky,易错（tricky）,general,,Cambridge combined alphabetic vocabulary list (2025 PDF)
Michael,word,Pre A1 Starters + A1 Movers + A2 Flyers,yes,yes,must_write,必写（must_write）,general,official_write,Cambridge combined alphabetic vocabulary list (2025 PDF)
midday,word,Pre A1 Starters + A1 Movers + A2 Flyers,no,yes,core,核心（core）,time,,Cambridge combined alphabetic vocabulary list (2025 PDF)
midnight,word,Pre A1 Starters + A1 Movers + A2 Flyers,no,yes,core,核心（core）,time,,Cambridge combined alphabetic vocabulary list (2025 PDF)
milk,word,Pre A1 Starters + A1 Movers + A2 Flyers,no,yes,core,核心（core）,food,,Cambridge combined alphabetic vocabulary list (2025 PDF)
minute,word,Pre A1 Starters + A1 Movers + A2 Flyers,no,yes,core,核心（core）,time,,Cambridge combined alphabetic vocabulary list (2025 PDF)
mix,word,Pre A1 Starters + A1 Movers + A2 Flyers,no,yes,extended,扩展（extended）,general,,Cambridge combined alphabetic vocabulary list (2025 PDF)
Monday,word,Pre A1 Starters + A1 Movers + A2 Flyers,no,yes,core,核心（core）,time,,Cambridge combined alphabetic vocabulary list (2025 PDF)
monkey,word,Pre A1 Starters + A1 Movers + A2 Flyers,no,yes,core,核心（core）,animals,,Cambridge combined alphabetic vocabulary list (2025 PDF)
monster,word,Pre A1 Starters + A1 Movers + A2 Flyers,no,yes,extended,扩展（extended）,general,,Cambridge combined alphabetic vocabulary list (2025 PDF)
month,word,Pre A1 Starters + A1 Movers + A2 Flyers,no,yes,core,核心（core）,time,,Cambridge combined alphabetic vocabulary list (2025 PDF)
morning,word,Pre A1 Starters + A1 Movers + A2 Flyers,no,yes,core,核心（core）,time,,Cambridge combined alphabetic vocabulary list (2025 PDF)
mother,word,Pre A1 Starters + A1 Movers + A2 Flyers,no,yes,extended,扩展（extended）,general,,Cambridge combined alphabetic vocabulary list (2025 PDF)
motorway,word,Pre A1 Starters + A1 Movers + A2 Flyers,no,yes,tricky,易错（tricky）,general,,Cambridge combined alphabetic vocabulary list (2025 PDF)
mouth,word,Pre A1 Starters + A1 Movers + A2 Flyers,no,yes,extended,扩展（extended）,general,,Cambridge combined alphabetic vocabulary list (2025 PDF)
mum,word,Pre A1 Starters + A1 Movers + A2 Flyers,no,yes,extended,扩展（extended）,general,,Cambridge combined alphabetic vocabulary list (2025 PDF)
museum,word,Pre A1 Starters + A1 Movers + A2 Flyers,no,yes,core,核心（core）,places,,Cambridge combined alphabetic vocabulary list (2025 PDF)
music,word,Pre A1 Starters + A1 Movers + A2 Flyers,no,yes,core,核心（core）,school,,Cambridge combined alphabetic vocabulary list (2025 PDF)
name,word,Pre A1 Starters + A1 Movers + A2 Flyers,no,yes,extended,扩展（extended）,general,,Cambridge combined alphabetic vocabulary list (2025 PDF)
net,word,Pre A1 Starters + A1 Movers + A2 Flyers,no,yes,extended,扩展（extended）,general,,Cambridge combined alphabetic vocabulary list (2025 PDF)
new,word,Pre A1 Starters + A1 Movers + A2 Flyers,no,yes,extended,扩展（extended）,general,,Cambridge combined alphabetic vocabulary list (2025 PDF)
next,word,Pre A1 Starters + A1 Movers + A2 Flyers,no,yes,extended,扩展（extended）,general,,Cambridge combined alphabetic vocabulary list (2025 PDF)
night,word,Pre A1 Starters + A1 Movers + A2 Flyers,no,yes,core,核心（core）,time,,Cambridge combined alphabetic vocabulary list (2025 PDF)
no,word,Pre A1 Starters + A1 Movers + A2 Flyers,no,yes,extended,扩展（extended）,general,,Cambridge combined alphabetic vocabulary list (2025 PDF)
not,word,Pre A1 Starters + A1 Movers + A2 Flyers,no,yes,extended,扩展（extended）,general,,Cambridge combined alphabetic vocabulary list (2025 PDF)
November,word,Pre A1 Starters + A1 Movers + A2 Flyers,no,yes,core,核心（core）,time,,Cambridge combined alphabetic vocabulary list (2025 PDF)
now,word,Pre A1 Starters + A1 Movers + A2 Flyers,no,yes,extended,扩展（extended）,general,,Cambridge combined alphabetic vocabulary list (2025 PDF)
October,word,Pre A1 Starters + A1 Movers + A2 Flyers,no,yes,core,核心（core）,time,,Cambridge combined alphabetic vocabulary list (2025 PDF)
octopus,word,Pre A1 Starters + A1 Movers + A2 Flyers,no,yes,core,核心（core）,animals,,Cambridge combined alphabetic vocabulary list (2025 PDF)
of,word,Pre A1 Starters + A1 Movers + A2 Flyers,no,yes,extended,扩展（extended）,general,,Cambridge combined alphabetic vocabulary list (2025 PDF)
off,word,Pre A1 Starters + A1 Movers + A2 Flyers,no,yes,extended,扩展（extended）,general,,Cambridge combined alphabetic vocabulary list (2025 PDF)
oh,word,Pre A1 Starters + A1 Movers + A2 Flyers,no,yes,extended,扩展（extended）,general,,Cambridge combined alphabetic vocabulary list (2025 PDF)
old,word,Pre A1 Starters + A1 Movers + A2 Flyers,no,yes,extended,扩展（extended）,general,,Cambridge combined alphabetic vocabulary list (2025 PDF)
Oliver,word,Pre A1 Starters + A1 Movers + A2 Flyers,yes,yes,must_write,必写（must_write）,general,official_write,Cambridge combined alphabetic vocabulary list (2025 PDF)
one,word,Pre A1 Starters + A1 Movers + A2 Flyers,no,yes,extended,扩展（extended）,general,,Cambridge combined alphabetic vocabulary list (2025 PDF)
onion,word,Pre A1 Starters + A1 Movers + A2 Flyers,no,yes,core,核心（core）,food,,Cambridge combined alphabetic vocabulary list (2025 PDF)
open,word,Pre A1 Starters + A1 Movers + A2 Flyers,no,yes,core,核心（core）,actions,,Cambridge combined alphabetic vocabulary list (2025 PDF)
or,word,Pre A1 Starters + A1 Movers + A2 Flyers,no,yes,extended,扩展（extended）,general,,Cambridge combined alphabetic vocabulary list (2025 PDF)
orange,word,Pre A1 Starters + A1 Movers + A2 Flyers,no,yes,core,核心（core）,food,,Cambridge combined alphabetic vocabulary list (2025 PDF)
out,word,Pre A1 Starters + A1 Movers + A2 Flyers,no,yes,extended,扩展（extended）,general,,Cambridge combined alphabetic vocabulary list (2025 PDF)
p.m. (for time),phrase,Pre A1 Starters + A1 Movers + A2 Flyers,no,yes,core,核心（core）,time,,Cambridge combined alphabetic vocabulary list (2025 PDF)
page,word,Pre A1 Starters + A1 Movers + A2 Flyers,no,yes,core,核心（core）,school,,Cambridge combined alphabetic vocabulary list (2025 PDF)
paint,word,Pre A1 Starters + A1 Movers + A2 Flyers,no,yes,core,核心（core）,actions,,Cambridge combined alphabetic vocabulary list (2025 PDF)
panda,word,Pre A1 Starters + A1 Movers + A2 Flyers,no,yes,core,核心（core）,animals,,Cambridge combined alphabetic vocabulary list (2025 PDF)
paper,word,Pre A1 Starters + A1 Movers + A2 Flyers,no,yes,core,核心（core）,school,,Cambridge combined alphabetic vocabulary list (2025 PDF)
park,word,Pre A1 Starters + A1 Movers + A2 Flyers,no,yes,core,核心（core）,places,,Cambridge combined alphabetic vocabulary list (2025 PDF)
parrot,word,Pre A1 Starters + A1 Movers + A2 Flyers,no,yes,core,核心（core）,animals,,Cambridge combined alphabetic vocabulary list (2025 PDF)
part,word,Pre A1 Starters + A1 Movers + A2 Flyers,no,yes,extended,扩展（extended）,general,,Cambridge combined alphabetic vocabulary list (2025 PDF)
party,word,Pre A1 Starters + A1 Movers + A2 Flyers,no,yes,extended,扩展（extended）,general,,Cambridge combined alphabetic vocabulary list (2025 PDF)
pea,word,Pre A1 Starters + A1 Movers + A2 Flyers,no,yes,extended,扩展（extended）,general,,Cambridge combined alphabetic vocabulary list (2025 PDF)
pear,word,Pre A1 Starters + A1 Movers + A2 Flyers,no,yes,core,核心（core）,food,,Cambridge combined alphabetic vocabulary list (2025 PDF)
pen,word,Pre A1 Starters + A1 Movers + A2 Flyers,no,yes,core,核心（core）,school,,Cambridge combined alphabetic vocabulary list (2025 PDF)
pencil,word,Pre A1 Starters + A1 Movers + A2 Flyers,no,yes,core,核心（core）,school,,Cambridge combined alphabetic vocabulary list (2025 PDF)
penguin,word,Pre A1 Starters + A1 Movers + A2 Flyers,no,yes,core,核心（core）,animals,,Cambridge combined alphabetic vocabulary list (2025 PDF)
pepper,word,Pre A1 Starters + A1 Movers + A2 Flyers,no,yes,core,核心（core）,food,,Cambridge combined alphabetic vocabulary list (2025 PDF)
pet,word,Pre A1 Starters + A1 Movers + A2 Flyers,no,yes,extended,扩展（extended）,general,,Cambridge combined alphabetic vocabulary list (2025 PDF)
phone,word,Pre A1 Starters + A1 Movers + A2 Flyers,no,yes,extended,扩展（extended）,general,,Cambridge combined alphabetic vocabulary list (2025 PDF)
pie,word,Pre A1 Starters + A1 Movers + A2 Flyers,no,yes,extended,扩展（extended）,general,,Cambridge combined alphabetic vocabulary list (2025 PDF)
pink,word,Pre A1 Starters + A1 Movers + A2 Flyers,no,yes,extended,扩展（extended）,general,,Cambridge combined alphabetic vocabulary list (2025 PDF)
pizza,word,Pre A1 Starters + A1 Movers + A2 Flyers,no,yes,core,核心（core）,food,,Cambridge combined alphabetic vocabulary list (2025 PDF)
plane,word,Pre A1 Starters + A1 Movers + A2 Flyers,no,yes,extended,扩展（extended）,general,,Cambridge combined alphabetic vocabulary list (2025 PDF)
play,word,Pre A1 Starters + A1 Movers + A2 Flyers,no,yes,core,核心（core）,actions,,Cambridge combined alphabetic vocabulary list (2025 PDF)
playground,word,Pre A1 Starters + A1 Movers + A2 Flyers,no,yes,core,核心（core）,places,,Cambridge combined alphabetic vocabulary list (2025 PDF)
police station,phrase,Pre A1 Starters + A1 Movers + A2 Flyers,no,yes,core,核心（core）,places,,Cambridge combined alphabetic vocabulary list (2025 PDF)
post office,phrase,Pre A1 Starters + A1 Movers + A2 Flyers,no,yes,core,核心（core）,places,,Cambridge combined alphabetic vocabulary list (2025 PDF)
potato,word,Pre A1 Starters + A1 Movers + A2 Flyers,no,yes,core,核心（core）,food,,Cambridge combined alphabetic vocabulary list (2025 PDF)
pretty,word,Pre A1 Starters + A1 Movers + A2 Flyers,no,yes,extended,扩展（extended）,general,,Cambridge combined alphabetic vocabulary list (2025 PDF)
programme (US program),phrase,Pre A1 Starters + A1 Movers + A2 Flyers,no,yes,tricky,易错（tricky）,general,,Cambridge combined alphabetic vocabulary list (2025 PDF)
puppy,word,Pre A1 Starters + A1 Movers + A2 Flyers,no,yes,core,核心（core）,animals,,Cambridge combined alphabetic vocabulary list (2025 PDF)
put,word,Pre A1 Starters + A1 Movers + A2 Flyers,no,yes,core,核心（core）,actions,,Cambridge combined alphabetic vocabulary list (2025 PDF)
quarter,word,Pre A1 Starters + A1 Movers + A2 Flyers,no,yes,core,核心（core）,time,,Cambridge combined alphabetic vocabulary list (2025 PDF)
question,word,Pre A1 Starters + A1 Movers + A2 Flyers,no,yes,core,核心（core）,school,,Cambridge combined alphabetic vocabulary list (2025 PDF)
rabbit,word,Pre A1 Starters + A1 Movers + A2 Flyers,no,yes,core,核心（core）,animals,,Cambridge combined alphabetic vocabulary list (2025 PDF)
railway,word,Pre A1 Starters + A1 Movers + A2 Flyers,no,yes,core,核心（core）,places,,Cambridge combined alphabetic vocabulary list (2025 PDF)
rain,word,Pre A1 Starters + A1 Movers + A2 Flyers,no,yes,extended,扩展（extended）,general,,Cambridge combined alphabetic vocabulary list (2025 PDF)
read,word,Pre A1 Starters + A1 Movers + A2 Flyers,no,yes,core,核心（core）,school,,Cambridge combined alphabetic vocabulary list (2025 PDF)
red,word,Pre A1 Starters + A1 Movers + A2 Flyers,no,yes,extended,扩展（extended）,general,,Cambridge combined alphabetic vocabulary list (2025 PDF)
restaurant,word,Pre A1 Starters + A1 Movers + A2 Flyers,no,yes,tricky,易错（tricky）,places,,Cambridge combined alphabetic vocabulary list (2025 PDF)
rice,word,Pre A1 Starters + A1 Movers + A2 Flyers,no,yes,core,核心（core）,food,,Cambridge combined alphabetic vocabulary list (2025 PDF)
Richard,word,Pre A1 Starters + A1 Movers + A2 Flyers,yes,yes,must_write,必写（must_write）,general,official_write,Cambridge combined alphabetic vocabulary list (2025 PDF)
ride,word,Pre A1 Starters + A1 Movers + A2 Flyers,no,yes,core,核心（core）,actions,,Cambridge combined alphabetic vocabulary list (2025 PDF)
right,word,Pre A1 Starters + A1 Movers + A2 Flyers,no,yes,extended,扩展（extended）,general,,Cambridge combined alphabetic vocabulary list (2025 PDF)
river,word,Pre A1 Starters + A1 Movers + A2 Flyers,no,yes,extended,扩展（extended）,general,,Cambridge combined alphabetic vocabulary list (2025 PDF)
road,word,Pre A1 Starters + A1 Movers + A2 Flyers,no,yes,core,核心（core）,places,,Cambridge combined alphabetic vocabulary list (2025 PDF)
Robert,word,Pre A1 Starters + A1 Movers + A2 Flyers,yes,yes,must_write,必写（must_write）,general,official_write,Cambridge combined alphabetic vocabulary list (2025 PDF)
room,word,Pre A1 Starters + A1 Movers + A2 Flyers,no,yes,core,核心（core）,places,,Cambridge combined alphabetic vocabulary list (2025 PDF)
rug,word,Pre A1 Starters + A1 Movers + A2 Flyers,no,yes,extended,扩展（extended）,general,,Cambridge combined alphabetic vocabulary list (2025 PDF)
run,word,Pre A1 Starters + A1 Movers + A2 Flyers,no,yes,core,核心（core）,actions,,Cambridge combined alphabetic vocabulary list (2025 PDF)
sad,word,Pre A1 Starters + A1 Movers + A2 Flyers,no,yes,extended,扩展（extended）,general,,Cambridge combined alphabetic vocabulary list (2025 PDF)
salt,word,Pre A1 Starters + A1 Movers + A2 Flyers,no,yes,core,核心（core）,food,,Cambridge combined alphabetic vocabulary list (2025 PDF)
sandwich,word,Pre A1 Starters + A1 Movers + A2 Flyers,no,yes,core,核心（core）,food,,Cambridge combined alphabetic vocabulary list (2025 PDF)
Sarah,word,Pre A1 Starters + A1 Movers + A2 Flyers,yes,yes,must_write,必写（must_write）,general,official_write,Cambridge combined alphabetic vocabulary list (2025 PDF)
Saturday,word,Pre A1 Starters + A1 Movers + A2 Flyers,no,yes,core,核心（core）,time,,Cambridge combined alphabetic vocabulary list (2025 PDF)
sausage,word,Pre A1 Starters + A1 Movers + A2 Flyers,no,yes,core,核心（core）,food,,Cambridge combined alphabetic vocabulary list (2025 PDF)
say,word,Pre A1 Starters + A1 Movers + A2 Flyers,no,yes,core,核心（core）,actions,,Cambridge combined alphabetic vocabulary list (2025 PDF)
school,word,Pre A1 Starters + A1 Movers + A2 Flyers,no,yes,core,核心（core）,school,,Cambridge combined alphabetic vocabulary list (2025 PDF)
scissors,word,Pre A1 Starters + A1 Movers + A2 Flyers,no,yes,tricky,易错（tricky）,general,,Cambridge combined alphabetic vocabulary list (2025 PDF)
sea,word,Pre A1 Starters + A1 Movers + A2 Flyers,no,yes,extended,扩展（extended）,general,,Cambridge combined alphabetic vocabulary list (2025 PDF)
see,word,Pre A1 Starters + A1 Movers + A2 Flyers,no,yes,core,核心（core）,actions,,Cambridge combined alphabetic vocabulary list (2025 PDF)
September,word,Pre A1 Starters + A1 Movers + A2 Flyers,no,yes,core,核心（core）,time,,Cambridge combined alphabetic vocabulary list (2025 PDF)
shark,word,Pre A1 Starters + A1 Movers + A2 Flyers,no,yes,core,核心（core）,animals,,Cambridge combined alphabetic vocabulary list (2025 PDF)
she,word,Pre A1 Starters + A1 Movers + A2 Flyers,no,yes,extended,扩展（extended）,general,,Cambridge combined alphabetic vocabulary list (2025 PDF)
shoe,word,Pre A1 Starters + A1 Movers + A2 Flyers,no,yes,extended,扩展（extended）,general,,Cambridge combined alphabetic vocabulary list (2025 PDF)
shop,word,Pre A1 Starters + A1 Movers + A2 Flyers,no,yes,core,核心（core）,places,,Cambridge combined alphabetic vocabulary list (2025 PDF)
short,word,Pre A1 Starters + A1 Movers + A2 Flyers,no,yes,extended,扩展（extended）,general,,Cambridge combined alphabetic vocabulary list (2025 PDF)
show,word,Pre A1 Starters + A1 Movers + A2 Flyers,no,yes,core,核心（core）,actions,,Cambridge combined alphabetic vocabulary list (2025 PDF)
sing,word,Pre A1 Starters + A1 Movers + A2 Flyers,no,yes,core,核心（core）,actions,,Cambridge combined alphabetic vocabulary list (2025 PDF)
sister,word,Pre A1 Starters + A1 Movers + A2 Flyers,no,yes,extended,扩展（extended）,general,,Cambridge combined alphabetic vocabulary list (2025 PDF)
sit,word,Pre A1 Starters + A1 Movers + A2 Flyers,no,yes,core,核心（core）,actions,,Cambridge combined alphabetic vocabulary list (2025 PDF)
ski,word,Pre A1 Starters + A1 Movers + A2 Flyers,no,yes,extended,扩展（extended）,general,,Cambridge combined alphabetic vocabulary list (2025 PDF)
sky,word,Pre A1 Starters + A1 Movers + A2 Flyers,no,yes,extended,扩展（extended）,general,,Cambridge combined alphabetic vocabulary list (2025 PDF)
skyscraper,word,Pre A1 Starters + A1 Movers + A2 Flyers,no,yes,tricky,易错（tricky）,general,,Cambridge combined alphabetic vocabulary list (2025 PDF)
sleep,word,Pre A1 Starters + A1 Movers + A2 Flyers,no,yes,core,核心（core）,actions,,Cambridge combined alphabetic vocabulary list (2025 PDF)
small,word,Pre A1 Starters + A1 Movers + A2 Flyers,no,yes,extended,扩展（extended）,general,,Cambridge combined alphabetic vocabulary list (2025 PDF)
smile,word,Pre A1 Starters + A1 Movers + A2 Flyers,no,yes,core,核心（core）,actions,,Cambridge combined alphabetic vocabulary list (2025 PDF)
snake,word,Pre A1 Starters + A1 Movers + A2 Flyers,no,yes,core,核心（core）,animals,,Cambridge combined alphabetic vocabulary list (2025 PDF)
snow,word,Pre A1 Starters + A1 Movers + A2 Flyers,no,yes,extended,扩展（extended）,general,,Cambridge combined alphabetic vocabulary list (2025 PDF)
so,word,Pre A1 Starters + A1 Movers + A2 Flyers,no,yes,extended,扩展（extended）,general,,Cambridge combined alphabetic vocabulary list (2025 PDF)
son,word,Pre A1 Starters + A1 Movers + A2 Flyers,no,yes,extended,扩展（extended）,general,,Cambridge combined alphabetic vocabulary list (2025 PDF)
Sophia,word,Pre A1 Starters + A1 Movers + A2 Flyers,yes,yes,must_write,必写（must_write）,general,official_write,Cambridge combined alphabetic vocabulary list (2025 PDF)
soup,word,Pre A1 Starters + A1 Movers + A2 Flyers,no,yes,core,核心（core）,food,,Cambridge combined alphabetic vocabulary list (2025 PDF)
spaceship,word,Pre A1 Starters + A1 Movers + A2 Flyers,no,yes,tricky,易错（tricky）,general,,Cambridge combined alphabetic vocabulary list (2025 PDF)
spell,word,Pre A1 Starters + A1 Movers + A2 Flyers,no,yes,core,核心（core）,actions,,Cambridge combined alphabetic vocabulary list (2025 PDF)
spider,word,Pre A1 Starters + A1 Movers + A2 Flyers,no,yes,core,核心（core）,animals,,Cambridge combined alphabetic vocabulary list (2025 PDF)
sports centre (US center),phrase,Pre A1 Starters + A1 Movers + A2 Flyers,no,yes,tricky,易错（tricky）,general,,Cambridge combined alphabetic vocabulary list (2025 PDF)
star,word,Pre A1 Starters + A1 Movers + A2 Flyers,no,yes,extended,扩展（extended）,general,,Cambridge combined alphabetic vocabulary list (2025 PDF)
story,word,Pre A1 Starters + A1 Movers + A2 Flyers,no,yes,core,核心（core）,school,,Cambridge combined alphabetic vocabulary list (2025 PDF)
straight on,phrase,Pre A1 Starters + A1 Movers + A2 Flyers,no,yes,tricky,易错（tricky）,general,,Cambridge combined alphabetic vocabulary list (2025 PDF)
strawberry,word,Pre A1 Starters + A1 Movers + A2 Flyers,no,yes,tricky,易错（tricky）,food,,Cambridge combined alphabetic vocabulary list (2025 PDF)
street,word,Pre A1 Starters + A1 Movers + A2 Flyers,no,yes,core,核心（core）,places,,Cambridge combined alphabetic vocabulary list (2025 PDF)
study,word,Pre A1 Starters + A1 Movers + A2 Flyers,no,yes,core,核心（core）,school,,Cambridge combined alphabetic vocabulary list (2025 PDF)
subject,word,Pre A1 Starters + A1 Movers + A2 Flyers,no,yes,core,核心（core）,school,,Cambridge combined alphabetic vocabulary list (2025 PDF)
sugar,word,Pre A1 Starters + A1 Movers + A2 Flyers,no,yes,core,核心（core）,food,,Cambridge combined alphabetic vocabulary list (2025 PDF)
suitcase,word,Pre A1 Starters + A1 Movers + A2 Flyers,no,yes,tricky,易错（tricky）,general,,Cambridge combined alphabetic vocabulary list (2025 PDF)
sun,word,Pre A1 Starters + A1 Movers + A2 Flyers,no,yes,extended,扩展（extended）,general,,Cambridge combined alphabetic vocabulary list (2025 PDF)
Sunday,word,Pre A1 Starters + A1 Movers + A2 Flyers,no,yes,core,核心（core）,time,,Cambridge combined alphabetic vocabulary list (2025 PDF)
sunglasses,word,Pre A1 Starters + A1 Movers + A2 Flyers,no,yes,tricky,易错（tricky）,general,,Cambridge combined alphabetic vocabulary list (2025 PDF)
supermarket,word,Pre A1 Starters + A1 Movers + A2 Flyers,no,yes,core,核心（core）,places,,Cambridge combined alphabetic vocabulary list (2025 PDF)
swan,word,Pre A1 Starters + A1 Movers + A2 Flyers,no,yes,core,核心（core）,animals,,Cambridge combined alphabetic vocabulary list (2025 PDF)
swim,word,Pre A1 Starters + A1 Movers + A2 Flyers,no,yes,core,核心（core）,actions,,Cambridge combined alphabetic vocabulary list (2025 PDF)
table,word,Pre A1 Starters + A1 Movers + A2 Flyers,no,yes,extended,扩展（extended）,general,,Cambridge combined alphabetic vocabulary list (2025 PDF)
tail,word,Pre A1 Starters + A1 Movers + A2 Flyers,no,yes,extended,扩展（extended）,general,,Cambridge combined alphabetic vocabulary list (2025 PDF)
talk,word,Pre A1 Starters + A1 Movers + A2 Flyers,no,yes,core,核心（core）,actions,,Cambridge combined alphabetic vocabulary list (2025 PDF)
tall,word,Pre A1 Starters + A1 Movers + A2 Flyers,no,yes,extended,扩展（extended）,general,,Cambridge combined alphabetic vocabulary list (2025 PDF)
tea,word,Pre A1 Starters + A1 Movers + A2 Flyers,no,yes,core,核心（core）,food,,Cambridge combined alphabetic vocabulary list (2025 PDF)
teacher,word,Pre A1 Starters + A1 Movers + A2 Flyers,no,yes,core,核心（core）,school,,Cambridge combined alphabetic vocabulary list (2025 PDF)
telephone,word,Pre A1 Starters + A1 Movers + A2 Flyers,no,yes,core,核心（core）,school,,Cambridge combined alphabetic vocabulary list (2025 PDF)
television/TV,word,Pre A1 Starters + A1 Movers + A2 Flyers,no,yes,tricky,易错（tricky）,general,,Cambridge combined alphabetic vocabulary list (2025 PDF)
tell,word,Pre A1 Starters + A1 Movers + A2 Flyers,no,yes,core,核心（core）,actions,,Cambridge combined alphabetic vocabulary list (2025 PDF)
the,word,Pre A1 Starters + A1 Movers + A2 Flyers,no,yes,extended,扩展（extended）,general,,Cambridge combined alphabetic vocabulary list (2025 PDF)
theatre (US theater),phrase,Pre A1 Starters + A1 Movers + A2 Flyers,no,yes,tricky,易错（tricky）,general,,Cambridge combined alphabetic vocabulary list (2025 PDF)
thing,word,Pre A1 Starters + A1 Movers + A2 Flyers,no,yes,extended,扩展（extended）,general,,Cambridge combined alphabetic vocabulary list (2025 PDF)
think,word,Pre A1 Starters + A1 Movers + A2 Flyers,no,yes,core,核心（core）,actions,,Cambridge combined alphabetic vocabulary list (2025 PDF)
through,word,Pre A1 Starters + A1 Movers + A2 Flyers,no,yes,tricky,易错（tricky）,general,,Cambridge combined alphabetic vocabulary list (2025 PDF)
throw,word,Pre A1 Starters + A1 Movers + A2 Flyers,no,yes,core,核心（core）,actions,,Cambridge combined alphabetic vocabulary list (2025 PDF)
Thursday,word,Pre A1 Starters + A1 Movers + A2 Flyers,no,yes,core,核心（core）,time,,Cambridge combined alphabetic vocabulary list (2025 PDF)
tiger,word,Pre A1 Starters + A1 Movers + A2 Flyers,no,yes,core,核心（core）,animals,,Cambridge combined alphabetic vocabulary list (2025 PDF)
time,word,Pre A1 Starters + A1 Movers + A2 Flyers,no,yes,core,核心（core）,time,,Cambridge combined alphabetic vocabulary list (2025 PDF)
timetable,word,Pre A1 Starters + A1 Movers + A2 Flyers,no,yes,tricky,易错（tricky）,time,,Cambridge combined alphabetic vocabulary list (2025 PDF)
tired,word,Pre A1 Starters + A1 Movers + A2 Flyers,no,yes,extended,扩展（extended）,general,,Cambridge combined alphabetic vocabulary list (2025 PDF)
to,word,Pre A1 Starters + A1 Movers + A2 Flyers,no,yes,extended,扩展（extended）,general,,Cambridge combined alphabetic vocabulary list (2025 PDF)
today,word,Pre A1 Starters + A1 Movers + A2 Flyers,no,yes,core,核心（core）,time,,Cambridge combined alphabetic vocabulary list (2025 PDF)
toe,word,Pre A1 Starters + A1 Movers + A2 Flyers,no,yes,extended,扩展（extended）,general,,Cambridge combined alphabetic vocabulary list (2025 PDF)
tomorrow,word,Pre A1 Starters + A1 Movers + A2 Flyers,no,yes,core,核心（core）,time,,Cambridge combined alphabetic vocabulary list (2025 PDF)
too,word,Pre A1 Starters + A1 Movers + A2 Flyers,no,yes,extended,扩展（extended）,general,,Cambridge combined alphabetic vocabulary list (2025 PDF)
top,word,Pre A1 Starters + A1 Movers + A2 Flyers,no,yes,extended,扩展（extended）,general,,Cambridge combined alphabetic vocabulary list (2025 PDF)
tortoise,word,Pre A1 Starters + A1 Movers + A2 Flyers,no,yes,core,核心（core）,animals,,Cambridge combined alphabetic vocabulary list (2025 PDF)
town,word,Pre A1 Starters + A1 Movers + A2 Flyers,no,yes,core,核心（core）,places,,Cambridge combined alphabetic vocabulary list (2025 PDF)
toy,word,Pre A1 Starters + A1 Movers + A2 Flyers,no,yes,extended,扩展（extended）,general,,Cambridge combined alphabetic vocabulary list (2025 PDF)
train,word,Pre A1 Starters + A1 Movers + A2 Flyers,no,yes,extended,扩展（extended）,general,,Cambridge combined alphabetic vocabulary list (2025 PDF)
tree,word,Pre A1 Starters + A1 Movers + A2 Flyers,no,yes,extended,扩展（extended）,general,,Cambridge combined alphabetic vocabulary list (2025 PDF)
trousers,word,Pre A1 Starters + A1 Movers + A2 Flyers,no,yes,extended,扩展（extended）,general,,Cambridge combined alphabetic vocabulary list (2025 PDF)
try,word,Pre A1 Starters + A1 Movers + A2 Flyers,no,yes,extended,扩展（extended）,general,,Cambridge combined alphabetic vocabulary list (2025 PDF)
Tuesday,word,Pre A1 Starters + A1 Movers + A2 Flyers,no,yes,core,核心（core）,time,,Cambridge combined alphabetic vocabulary list (2025 PDF)
turn off,phrase,Pre A1 Starters + A1 Movers + A2 Flyers,no,yes,core,核心（core）,actions,,Cambridge combined alphabetic vocabulary list (2025 PDF)
turn on,phrase,Pre A1 Starters + A1 Movers + A2 Flyers,no,yes,core,核心（core）,actions,,Cambridge combined alphabetic vocabulary list (2025 PDF)
ugly,word,Pre A1 Starters + A1 Movers + A2 Flyers,no,yes,extended,扩展（extended）,general,,Cambridge combined alphabetic vocabulary list (2025 PDF)
umbrella,word,Pre A1 Starters + A1 Movers + A2 Flyers,no,yes,tricky,易错（tricky）,general,,Cambridge combined alphabetic vocabulary list (2025 PDF)
uniform,word,Pre A1 Starters + A1 Movers + A2 Flyers,no,yes,tricky,易错（tricky）,general,,Cambridge combined alphabetic vocabulary list (2025 PDF)
university,word,Pre A1 Starters + A1 Movers + A2 Flyers,no,yes,tricky,易错（tricky）,places,,Cambridge combined alphabetic vocabulary list (2025 PDF)
up,word,Pre A1 Starters + A1 Movers + A2 Flyers,no,yes,extended,扩展（extended）,general,,Cambridge combined alphabetic vocabulary list (2025 PDF)
us,word,Pre A1 Starters + A1 Movers + A2 Flyers,no,yes,extended,扩展（extended）,general,,Cambridge combined alphabetic vocabulary list (2025 PDF)
use,word,Pre A1 Starters + A1 Movers + A2 Flyers,no,yes,extended,扩展（extended）,general,,Cambridge combined alphabetic vocabulary list (2025 PDF)
walk,word,Pre A1 Starters + A1 Movers + A2 Flyers,no,yes,core,核心（core）,actions,,Cambridge combined alphabetic vocabulary list (2025 PDF)
wall,word,Pre A1 Starters + A1 Movers + A2 Flyers,no,yes,extended,扩展（extended）,general,,Cambridge combined alphabetic vocabulary list (2025 PDF)
watch,word,Pre A1 Starters + A1 Movers + A2 Flyers,no,yes,core,核心（core）,actions,,Cambridge combined alphabetic vocabulary list (2025 PDF)
water,word,Pre A1 Starters + A1 Movers + A2 Flyers,no,yes,core,核心（core）,food,,Cambridge combined alphabetic vocabulary list (2025 PDF)
watermelon,word,Pre A1 Starters + A1 Movers + A2 Flyers,no,yes,core,核心（core）,food,,Cambridge combined alphabetic vocabulary list (2025 PDF)
way,word,Pre A1 Starters + A1 Movers + A2 Flyers,no,yes,extended,扩展（extended）,general,,Cambridge combined alphabetic vocabulary list (2025 PDF)
we,word,Pre A1 Starters + A1 Movers + A2 Flyers,no,yes,extended,扩展（extended）,general,,Cambridge combined alphabetic vocabulary list (2025 PDF)
Wednesday,word,Pre A1 Starters + A1 Movers + A2 Flyers,no,yes,core,核心（core）,time,,Cambridge combined alphabetic vocabulary list (2025 PDF)
week,word,Pre A1 Starters + A1 Movers + A2 Flyers,no,yes,core,核心（core）,time,,Cambridge combined alphabetic vocabulary list (2025 PDF)
wet,word,Pre A1 Starters + A1 Movers + A2 Flyers,no,yes,extended,扩展（extended）,general,,Cambridge combined alphabetic vocabulary list (2025 PDF)
whale,word,Pre A1 Starters + A1 Movers + A2 Flyers,no,yes,core,核心（core）,animals,,Cambridge combined alphabetic vocabulary list (2025 PDF)
white,word,Pre A1 Starters + A1 Movers + A2 Flyers,no,yes,extended,扩展（extended）,general,,Cambridge combined alphabetic vocabulary list (2025 PDF)
who,word,Pre A1 Starters + A1 Movers + A2 Flyers,no,yes,extended,扩展（extended）,general,,Cambridge combined alphabetic vocabulary list (2025 PDF)
why,word,Pre A1 Starters + A1 Movers + A2 Flyers,no,yes,extended,扩展（extended）,general,,Cambridge combined alphabetic vocabulary list (2025 PDF)
William,word,Pre A1 Starters + A1 Movers + A2 Flyers,yes,yes,must_write,必写（must_write）,general,official_write,Cambridge combined alphabetic vocabulary list (2025 PDF)
win,word,Pre A1 Starters + A1 Movers + A2 Flyers,no,yes,extended,扩展（extended）,general,,Cambridge combined alphabetic vocabulary list (2025 PDF)
window,word,Pre A1 Starters + A1 Movers + A2 Flyers,no,yes,extended,扩展（extended）,general,,Cambridge combined alphabetic vocabulary list (2025 PDF)
woman/women,word,Pre A1 Starters + A1 Movers + A2 Flyers,no,yes,tricky,易错（tricky）,general,,Cambridge combined alphabetic vocabulary list (2025 PDF)
wonderful,word,Pre A1 Starters + A1 Movers + A2 Flyers,no,yes,tricky,易错（tricky）,general,,Cambridge combined alphabetic vocabulary list (2025 PDF)
word,word,Pre A1 Starters + A1 Movers + A2 Flyers,no,yes,core,核心（core）,school,,Cambridge combined alphabetic vocabulary list (2025 PDF)
wow,word,Pre A1 Starters + A1 Movers + A2 Flyers,no,yes,extended,扩展（extended）,general,,Cambridge combined alphabetic vocabulary list (2025 PDF)
write,word,Pre A1 Starters + A1 Movers + A2 Flyers,no,yes,core,核心（core）,school,,Cambridge combined alphabetic vocabulary list (2025 PDF)
year,word,Pre A1 Starters + A1 Movers + A2 Flyers,no,yes,core,核心（core）,time,,Cambridge combined alphabetic vocabulary list (2025 PDF)
yellow,word,Pre A1 Starters + A1 Movers + A2 Flyers,no,yes,extended,扩展（extended）,general,,Cambridge combined alphabetic vocabulary list (2025 PDF)
yes,word,Pre A1 Starters + A1 Movers + A2 Flyers,no,yes,extended,扩展（extended）,general,,Cambridge combined alphabetic vocabulary list (2025 PDF)
yesterday,word,Pre A1 Starters + A1 Movers + A2 Flyers,no,yes,core,核心（core）,time,,Cambridge combined alphabetic vocabulary list (2025 PDF)
yet,word,Pre A1 Starters + A1 Movers + A2 Flyers,no,yes,extended,扩展（extended）,general,,Cambridge combined alphabetic vocabulary list (2025 PDF)
yoghurt,word,Pre A1 Starters + A1 Movers + A2 Flyers,no,yes,tricky,易错（tricky）,food,,Cambridge combined alphabetic vocabulary list (2025 PDF)
you,word,Pre A1 Starters + A1 Movers + A2 Flyers,no,yes,extended,扩展（extended）,general,,Cambridge combined alphabetic vocabulary list (2025 PDF)
young,word,Pre A1 Starters + A1 Movers + A2 Flyers,no,yes,extended,扩展（extended）,general,,Cambridge combined alphabetic vocabulary list (2025 PDF)
zebra,word,Pre A1 Starters + A1 Movers + A2 Flyers,no,yes,core,核心（core）,animals,,Cambridge combined alphabetic vocabulary list (2025 PDF)
zero,word,Pre A1 Starters + A1 Movers + A2 Flyers,yes,yes,must_write,必写（must_write）,general,number,Cambridge combined alphabetic vocabulary list (2025 PDF)
zoo,word,Pre A1 Starters + A1 Movers + A2 Flyers,no,yes,core,核心（core）,animals,,Cambridge combined alphabetic vocabulary list (2025 PDF)
21st,word,Pre A1 Starters + A1 Movers + A2 Flyers,yes,yes,must_write,必写（must_write）,general,number,Cambridge combined alphabetic vocabulary list (2025 PDF)
22nd,word,Pre A1 Starters + A1 Movers + A2 Flyers,yes,yes,must_write,必写（must_write）,general,number,Cambridge combined alphabetic vocabulary list (2025 PDF)
23rd,word,Pre A1 Starters + A1 Movers + A2 Flyers,yes,yes,must_write,必写（must_write）,general,number,Cambridge combined alphabetic vocabulary list (2025 PDF)
24th,word,Pre A1 Starters + A1 Movers + A2 Flyers,yes,yes,must_write,必写（must_write）,general,number,Cambridge combined alphabetic vocabulary list (2025 PDF)
25th,word,Pre A1 Starters + A1 Movers + A2 Flyers,yes,yes,must_write,必写（must_write）,general,number,Cambridge combined alphabetic vocabulary list (2025 PDF)
26th,word,Pre A1 Starters + A1 Movers + A2 Flyers,yes,yes,must_write,必写（must_write）,general,number,Cambridge combined alphabetic vocabulary list (2025 PDF)
27th,word,Pre A1 Starters + A1 Movers + A2 Flyers,yes,yes,must_write,必写（must_write）,general,number,Cambridge combined alphabetic vocabulary list (2025 PDF)
28th,word,Pre A1 Starters + A1 Movers + A2 Flyers,yes,yes,must_write,必写（must_write）,general,number,Cambridge combined alphabetic vocabulary list (2025 PDF)
29th,word,Pre A1 Starters + A1 Movers + A2 Flyers,yes,yes,must_write,必写（must_write）,general,number,Cambridge combined alphabetic vocabulary list (2025 PDF)
30th,word,Pre A1 Starters + A1 Movers + A2 Flyers,yes,yes,must_write,必写（must_write）,general,number,Cambridge combined alphabetic vocabulary list (2025 PDF)
31st,word,Pre A1 Starters + A1 Movers + A2 Flyers,yes,yes,must_write,必写（must_write）,general,number,Cambridge combined alphabetic vocabulary list (2025 PDF)
Betty,word,Pre A1 Starters + A1 Movers + A2 Flyers,yes,yes,must_write,必写（must_write）,general,official_write,Cambridge combined alphabetic vocabulary list (2025 PDF)
a hundred,phrase,Pre A1 Starters + A1 Movers + A2 Flyers,yes,yes,must_write,必写（must_write）,general,number,Cambridge combined alphabetic vocabulary list (2025 PDF)
a million,phrase,Pre A1 Starters + A1 Movers + A2 Flyers,yes,yes,must_write,必写（must_write）,general,number,Cambridge combined alphabetic vocabulary list (2025 PDF)
a thousand,phrase,Pre A1 Starters + A1 Movers + A2 Flyers,yes,yes,must_write,必写（must_write）,general,number,Cambridge combined alphabetic vocabulary list (2025 PDF)
